,image_id,fname,mask
0,1,1.jpg,1.0
1,2,2.jpg,0.0
2,3,3.jpg,1.0
3,4,4.jpg,1.0
4,5,5.jpg,0.0
5,6,6.jpg,0.0
6,7,7.jpg,0.0
7,8,8.jpg,0.0
8,9,9.jpg,0.0
9,10,10.jpg,1.0
10,11,11.jpg,1.0
12,13,13.jpg,0.0
13,14,14.jpg,1.0
14,15,15.jpg,0.0
15,16,16.jpg,0.0
17,18,18.jpg,1.0
18,19,19.jpg,1.0
19,20,20.jpg,1.0
20,21,21.jpg,0.0
21,22,22.jpg,0.0
22,23,23.jpg,1.0
23,24,24.jpg,1.0
24,25,25.jpg,0.0
25,26,26.jpg,1.0
26,27,27.jpg,1.0
27,28,28.jpg,1.0
28,29,29.jpg,1.0
30,31,31.jpg,0.0
31,32,32.jpg,1.0
32,33,33.jpg,1.0
33,34,34.jpg,0.0
34,35,35.jpg,1.0
35,36,36.jpg,1.0
36,37,37.jpg,1.0
37,38,38.jpg,0.0
38,39,39.jpg,1.0
39,40,40.jpg,1.0
40,41,41.jpg,1.0
41,42,42.jpg,1.0
42,43,43.jpg,0.0
43,44,44.jpg,1.0
44,45,45.jpg,1.0
45,46,46.jpg,1.0
46,47,47.jpg,1.0
47,48,48.jpg,1.0
48,49,49.jpg,1.0
49,50,50.jpg,0.0
50,51,51.jpg,0.0
51,52,52.jpg,0.0
52,53,53.jpg,1.0
53,54,54.jpg,0.0
54,55,55.jpg,1.0
55,56,56.jpg,1.0
56,57,57.jpg,1.0
57,58,58.jpg,1.0
58,59,59.jpg,1.0
59,60,60.jpg,0.0
60,61,61.jpg,0.0
61,62,62.jpg,0.0
62,63,63.jpg,1.0
63,64,64.jpg,1.0
64,65,65.jpg,1.0
65,66,66.jpg,1.0
66,67,67.jpg,1.0
67,68,68.jpg,0.0
68,69,69.jpg,0.0
69,70,70.jpg,1.0
70,71,71.jpg,0.0
72,73,73.jpg,1.0
73,74,74.jpg,1.0
74,75,75.jpg,1.0
75,76,76.jpg,0.0
76,77,77.jpg,1.0
77,78,78.jpg,1.0
79,80,80.jpg,1.0
80,81,81.jpg,0.0
81,82,82.jpg,1.0
82,83,83.jpg,1.0
83,84,84.jpg,1.0
84,85,85.jpg,1.0
85,86,86.jpg,1.0
86,87,87.jpg,1.0
87,88,88.jpg,1.0
89,90,90.jpg,0.0
90,91,91.jpg,1.0
91,92,92.jpg,1.0
92,93,93.jpg,0.0
94,95,95.jpg,1.0
96,97,97.jpg,0.0
99,100,100.jpg,0.0
100,101,101.jpg,0.0
101,102,102.jpg,1.0
102,103,103.jpg,1.0
103,104,104.jpg,0.0
104,105,105.jpg,0.0
106,107,107.jpg,0.0
107,108,108.jpg,1.0
109,110,110.jpg,1.0
110,111,111.jpg,0.0
111,112,112.jpg,1.0
112,113,113.jpg,1.0
114,115,115.jpg,1.0
116,117,117.jpg,0.0
117,118,118.jpg,1.0
118,119,119.jpg,1.0
119,120,120.jpg,1.0
120,121,121.jpg,1.0
121,122,122.jpg,0.0
122,123,123.jpg,1.0
124,125,125.jpg,1.0
125,126,126.jpg,1.0
126,127,127.jpg,1.0
127,128,128.jpg,0.0
128,129,129.jpg,0.0
129,130,130.jpg,0.0
130,131,131.jpg,0.0
131,132,132.jpg,1.0
133,134,134.jpg,1.0
134,135,135.jpg,0.0
135,136,136.jpg,0.0
136,137,137.jpg,1.0
137,138,138.jpg,0.0
138,139,139.jpg,1.0
139,140,140.jpg,1.0
140,141,141.jpg,1.0
141,142,142.jpg,1.0
142,143,143.jpg,0.0
145,146,146.jpg,1.0
146,147,147.jpg,0.0
147,148,148.jpg,1.0
149,150,150.jpg,0.0
150,151,151.jpg,1.0
151,152,152.jpg,1.0
152,153,153.jpg,1.0
153,154,154.jpg,0.0
154,155,155.jpg,0.0
155,156,156.jpg,0.0
156,157,157.jpg,0.0
157,158,158.jpg,1.0
158,159,159.jpg,1.0
159,160,160.jpg,1.0
160,161,161.jpg,1.0
161,162,162.jpg,1.0
163,164,164.jpg,1.0
164,165,165.jpg,1.0
165,166,166.jpg,1.0
166,167,167.jpg,0.0
168,169,169.jpg,0.0
169,170,170.jpg,1.0
170,171,171.jpg,1.0
171,172,172.jpg,1.0
172,173,173.jpg,1.0
173,174,174.jpg,0.0
174,175,175.jpg,1.0
175,176,176.jpg,0.0
176,177,177.jpg,1.0
177,178,178.jpg,0.0
178,179,179.jpg,1.0
179,180,180.jpg,1.0
180,181,181.jpg,1.0
181,182,182.jpg,0.0
183,184,184.jpg,0.0
184,185,185.jpg,0.0
185,186,186.jpg,1.0
186,187,187.jpg,1.0
187,188,188.jpg,1.0
189,190,190.jpg,1.0
190,191,191.jpg,1.0
191,192,192.jpg,1.0
192,193,193.jpg,1.0
193,194,194.jpg,1.0
194,195,195.jpg,1.0
195,196,196.jpg,0.0
197,198,198.jpg,0.0
198,199,199.jpg,1.0
200,201,201.jpg,0.0
201,202,202.jpg,1.0
202,203,203.jpg,1.0
203,204,204.jpg,1.0
204,205,205.jpg,1.0
205,206,206.jpg,1.0
206,207,207.jpg,1.0
207,208,208.jpg,1.0
208,209,209.jpg,1.0
210,211,211.jpg,0.0
211,212,212.jpg,0.0
214,215,215.jpg,1.0
215,216,216.jpg,0.0
216,217,217.jpg,1.0
217,218,218.jpg,1.0
219,220,220.jpg,0.0
221,222,222.jpg,1.0
222,223,223.jpg,1.0
223,224,224.jpg,0.0
224,225,225.jpg,0.0
225,226,226.jpg,1.0
226,227,227.jpg,1.0
227,228,228.jpg,1.0
228,229,229.jpg,0.0
229,230,230.jpg,1.0
230,231,231.jpg,1.0
231,232,232.jpg,1.0
233,234,234.jpg,1.0
234,235,235.jpg,1.0
235,236,236.jpg,1.0
237,238,238.jpg,0.0
238,239,239.jpg,0.0
239,240,240.jpg,1.0
240,241,241.jpg,0.0
241,242,242.jpg,1.0
242,243,243.jpg,0.0
243,244,244.jpg,1.0
244,245,245.jpg,1.0
246,247,247.jpg,0.0
247,248,248.jpg,1.0
248,249,249.jpg,1.0
249,250,250.jpg,1.0
251,252,252.jpg,1.0
252,253,253.jpg,0.0
254,255,255.jpg,1.0
255,256,256.jpg,1.0
256,257,257.jpg,1.0
257,258,258.jpg,1.0
259,260,260.jpg,1.0
260,261,261.jpg,1.0
261,262,262.jpg,1.0
262,263,263.jpg,1.0
263,264,264.jpg,1.0
264,265,265.jpg,1.0
266,267,267.jpg,0.0
268,269,269.jpg,1.0
270,271,271.jpg,1.0
271,272,272.jpg,0.0
272,273,273.jpg,1.0
274,275,275.jpg,1.0
275,276,276.jpg,1.0
276,277,277.jpg,0.0
277,278,278.jpg,1.0
278,279,279.jpg,0.0
279,280,280.jpg,0.0
280,281,281.jpg,1.0
281,282,282.jpg,0.0
282,283,283.jpg,1.0
284,285,285.jpg,1.0
285,286,286.jpg,1.0
286,287,287.jpg,0.0
287,288,288.jpg,1.0
288,289,289.jpg,0.0
289,290,290.jpg,1.0
290,291,291.jpg,0.0
291,292,292.jpg,0.0
292,293,293.jpg,0.0
293,294,294.jpg,0.0
294,295,295.jpg,1.0
295,296,296.jpg,0.0
296,297,297.jpg,1.0
297,298,298.jpg,1.0
298,299,299.jpg,1.0
299,300,300.jpg,0.0
300,301,301.jpg,1.0
301,302,302.jpg,1.0
303,304,304.jpg,1.0
304,305,305.jpg,1.0
305,306,306.jpg,1.0
306,307,307.jpg,0.0
308,309,309.jpg,0.0
309,310,310.jpg,1.0
310,311,311.jpg,0.0
311,312,312.jpg,0.0
312,313,313.jpg,1.0
313,314,314.jpg,1.0
314,315,315.jpg,0.0
316,317,317.jpg,1.0
317,318,318.jpg,0.0
319,320,320.jpg,1.0
320,321,321.jpg,0.0
321,322,322.jpg,1.0
322,323,323.jpg,1.0
323,324,324.jpg,1.0
324,325,325.jpg,1.0
325,326,326.jpg,1.0
326,327,327.jpg,1.0
327,328,328.jpg,1.0
328,329,329.jpg,1.0
329,330,330.jpg,0.0
330,331,331.jpg,0.0
331,332,332.jpg,0.0
334,335,335.jpg,1.0
335,336,336.jpg,1.0
336,337,337.jpg,0.0
337,338,338.jpg,0.0
338,339,339.jpg,1.0
339,340,340.jpg,0.0
341,342,342.jpg,0.0
343,344,344.jpg,1.0
344,345,345.jpg,0.0
345,346,346.jpg,1.0
346,347,347.jpg,1.0
347,348,348.jpg,0.0
348,349,349.jpg,0.0
350,351,351.jpg,1.0
351,352,352.jpg,1.0
352,353,353.jpg,0.0
353,354,354.jpg,0.0
354,355,355.jpg,0.0
355,356,356.jpg,1.0
356,357,357.jpg,1.0
358,359,359.jpg,0.0
359,360,360.jpg,1.0
360,361,361.jpg,1.0
361,362,362.jpg,1.0
362,363,363.jpg,1.0
363,364,364.jpg,1.0
364,365,365.jpg,0.0
365,366,366.jpg,1.0
366,367,367.jpg,1.0
367,368,368.jpg,0.0
369,370,370.jpg,0.0
370,371,371.jpg,0.0
371,372,372.jpg,0.0
374,375,375.jpg,1.0
375,376,376.jpg,1.0
377,378,378.jpg,0.0
378,379,379.jpg,1.0
379,380,380.jpg,1.0
380,381,381.jpg,1.0
381,382,382.jpg,1.0
382,383,383.jpg,0.0
383,384,384.jpg,0.0
384,385,385.jpg,1.0
385,386,386.jpg,1.0
386,387,387.jpg,0.0
387,388,388.jpg,1.0
389,390,390.jpg,0.0
391,392,392.jpg,1.0
392,393,393.jpg,1.0
394,395,395.jpg,0.0
395,396,396.jpg,1.0
397,398,398.jpg,1.0
398,399,399.jpg,1.0
399,400,400.jpg,1.0
400,401,401.jpg,1.0
401,402,402.jpg,0.0
403,404,404.jpg,1.0
404,405,405.jpg,1.0
405,406,406.jpg,0.0
406,407,407.jpg,0.0
407,408,408.jpg,1.0
410,411,411.jpg,0.0
411,412,412.jpg,1.0
412,413,413.jpg,1.0
413,414,414.jpg,1.0
414,415,415.jpg,1.0
415,416,416.jpg,0.0
416,417,417.jpg,1.0
418,419,419.jpg,1.0
419,420,420.jpg,1.0
420,421,421.jpg,1.0
421,422,422.jpg,1.0
423,424,424.jpg,1.0
425,426,426.jpg,0.0
426,427,427.jpg,0.0
427,428,428.jpg,1.0
428,429,429.jpg,1.0
429,430,430.jpg,1.0
430,431,431.jpg,1.0
431,432,432.jpg,0.0
432,433,433.jpg,0.0
433,434,434.jpg,1.0
435,436,436.jpg,0.0
436,437,437.jpg,1.0
437,438,438.jpg,1.0
439,440,440.jpg,1.0
441,442,442.jpg,1.0
442,443,443.jpg,0.0
443,444,444.jpg,1.0
444,445,445.jpg,1.0
445,446,446.jpg,1.0
446,447,447.jpg,0.0
447,448,448.jpg,1.0
448,449,449.jpg,0.0
449,450,450.jpg,1.0
450,451,451.jpg,1.0
451,452,452.jpg,1.0
452,453,453.jpg,1.0
453,454,454.jpg,1.0
455,456,456.jpg,1.0
456,457,457.jpg,1.0
457,458,458.jpg,1.0
458,459,459.jpg,0.0
459,460,460.jpg,0.0
461,462,462.jpg,1.0
462,463,463.jpg,0.0
463,464,464.jpg,1.0
465,466,466.jpg,1.0
467,468,468.jpg,1.0
468,469,469.jpg,0.0
469,470,470.jpg,1.0
470,471,471.jpg,0.0
471,472,472.jpg,1.0
472,473,473.jpg,0.0
473,474,474.jpg,1.0
474,475,475.jpg,1.0
475,476,476.jpg,0.0
476,477,477.jpg,1.0
478,479,479.jpg,0.0
479,480,480.jpg,1.0
481,482,482.jpg,0.0
483,484,484.jpg,0.0
484,485,485.jpg,0.0
485,486,486.jpg,1.0
486,487,487.jpg,1.0
487,488,488.jpg,1.0
489,490,490.jpg,1.0
490,491,491.jpg,0.0
491,492,492.jpg,1.0
492,493,493.jpg,1.0
493,494,494.jpg,1.0
494,495,495.jpg,1.0
495,496,496.jpg,0.0
496,497,497.jpg,0.0
497,498,498.jpg,1.0
498,499,499.jpg,0.0
499,500,500.jpg,1.0
500,501,501.jpg,0.0
501,502,502.jpg,1.0
502,503,503.jpg,0.0
503,504,504.jpg,1.0
504,505,505.jpg,1.0
505,506,506.jpg,1.0
506,507,507.jpg,1.0
508,509,509.jpg,1.0
509,510,510.jpg,0.0
510,511,511.jpg,1.0
511,512,512.jpg,0.0
512,513,513.jpg,0.0
513,514,514.jpg,0.0
514,515,515.jpg,1.0
515,516,516.jpg,0.0
516,517,517.jpg,1.0
518,519,519.jpg,1.0
519,520,520.jpg,0.0
520,521,521.jpg,1.0
521,522,522.jpg,1.0
522,523,523.jpg,0.0
524,525,525.jpg,1.0
526,527,527.jpg,1.0
528,529,529.jpg,1.0
529,530,530.jpg,1.0
530,531,531.jpg,0.0
532,533,533.jpg,1.0
533,534,534.jpg,1.0
535,536,536.jpg,1.0
536,537,537.jpg,1.0
538,539,539.jpg,1.0
539,540,540.jpg,0.0
540,541,541.jpg,1.0
541,542,542.jpg,1.0
542,543,543.jpg,1.0
543,544,544.jpg,1.0
544,545,545.jpg,0.0
545,546,546.jpg,0.0
546,547,547.jpg,1.0
547,548,548.jpg,1.0
548,549,549.jpg,1.0
549,550,550.jpg,0.0
550,551,551.jpg,1.0
551,552,552.jpg,1.0
553,554,554.jpg,0.0
554,555,555.jpg,1.0
555,556,556.jpg,0.0
556,557,557.jpg,1.0
557,558,558.jpg,0.0
558,559,559.jpg,0.0
559,560,560.jpg,1.0
560,561,561.jpg,1.0
561,562,562.jpg,1.0
562,563,563.jpg,1.0
563,564,564.jpg,0.0
564,565,565.jpg,0.0
565,566,566.jpg,0.0
567,568,568.jpg,1.0
568,569,569.jpg,0.0
569,570,570.jpg,0.0
570,571,571.jpg,1.0
571,572,572.jpg,1.0
572,573,573.jpg,0.0
574,575,575.jpg,0.0
575,576,576.jpg,1.0
576,577,577.jpg,1.0
577,578,578.jpg,1.0
578,579,579.jpg,0.0
579,580,580.jpg,0.0
580,581,581.jpg,0.0
581,582,582.jpg,1.0
582,583,583.jpg,0.0
583,584,584.jpg,1.0
584,585,585.jpg,1.0
585,586,586.jpg,0.0
586,587,587.jpg,0.0
587,588,588.jpg,0.0
588,589,589.jpg,1.0
589,590,590.jpg,1.0
590,591,591.jpg,0.0
592,593,593.jpg,0.0
594,595,595.jpg,1.0
595,596,596.jpg,0.0
597,598,598.jpg,1.0
599,600,600.jpg,1.0
600,601,601.jpg,1.0
601,602,602.jpg,0.0
602,603,603.jpg,1.0
603,604,604.jpg,1.0
604,605,605.jpg,1.0
605,606,606.jpg,1.0
606,607,607.jpg,1.0
608,609,609.jpg,1.0
609,610,610.jpg,0.0
610,611,611.jpg,1.0
611,612,612.jpg,1.0
612,613,613.jpg,0.0
613,614,614.jpg,1.0
614,615,615.jpg,1.0
615,616,616.jpg,1.0
616,617,617.jpg,0.0
617,618,618.jpg,0.0
619,620,620.jpg,1.0
620,621,621.jpg,0.0
622,623,623.jpg,1.0
623,624,624.jpg,1.0
624,625,625.jpg,1.0
625,626,626.jpg,1.0
626,627,627.jpg,1.0
627,628,628.jpg,0.0
628,629,629.jpg,1.0
629,630,630.jpg,1.0
630,631,631.jpg,0.0
631,632,632.jpg,1.0
632,633,633.jpg,0.0
633,634,634.jpg,0.0
634,635,635.jpg,0.0
635,636,636.jpg,1.0
638,639,639.jpg,0.0
639,640,640.jpg,0.0
640,641,641.jpg,1.0
641,642,642.jpg,1.0
642,643,643.jpg,0.0
643,644,644.jpg,1.0
644,645,645.jpg,1.0
645,646,646.jpg,0.0
646,647,647.jpg,0.0
647,648,648.jpg,1.0
648,649,649.jpg,1.0
650,651,651.jpg,1.0
651,652,652.jpg,1.0
653,654,654.jpg,0.0
654,655,655.jpg,0.0
655,656,656.jpg,1.0
656,657,657.jpg,0.0
657,658,658.jpg,1.0
658,659,659.jpg,0.0
659,660,660.jpg,1.0
660,661,661.jpg,1.0
661,662,662.jpg,1.0
662,663,663.jpg,0.0
663,664,664.jpg,1.0
664,665,665.jpg,0.0
665,666,666.jpg,1.0
666,667,667.jpg,1.0
667,668,668.jpg,0.0
668,669,669.jpg,0.0
670,671,671.jpg,0.0
671,672,672.jpg,1.0
673,674,674.jpg,0.0
674,675,675.jpg,1.0
675,676,676.jpg,1.0
676,677,677.jpg,0.0
677,678,678.jpg,1.0
679,680,680.jpg,0.0
680,681,681.jpg,1.0
682,683,683.jpg,0.0
683,684,684.jpg,1.0
684,685,685.jpg,1.0
685,686,686.jpg,1.0
686,687,687.jpg,1.0
689,690,690.jpg,1.0
690,691,691.jpg,1.0
691,692,692.jpg,1.0
692,693,693.jpg,1.0
693,694,694.jpg,1.0
695,696,696.jpg,1.0
696,697,697.jpg,1.0
697,698,698.jpg,1.0
698,699,699.jpg,1.0
699,700,700.jpg,1.0
700,701,701.jpg,0.0
701,702,702.jpg,0.0
702,703,703.jpg,0.0
703,704,704.jpg,1.0
705,706,706.jpg,1.0
706,707,707.jpg,1.0
708,709,709.jpg,1.0
709,710,710.jpg,1.0
710,711,711.jpg,1.0
712,713,713.jpg,0.0
713,714,714.jpg,0.0
714,715,715.jpg,1.0
716,717,717.jpg,1.0
717,718,718.jpg,1.0
719,720,720.jpg,0.0
720,721,721.jpg,1.0
721,722,722.jpg,1.0
722,723,723.jpg,0.0
724,725,725.jpg,1.0
726,727,727.jpg,1.0
727,728,728.jpg,1.0
728,729,729.jpg,0.0
730,731,731.jpg,1.0
731,732,732.jpg,1.0
733,734,734.jpg,0.0
734,735,735.jpg,1.0
736,737,737.jpg,1.0
737,738,738.jpg,1.0
738,739,739.jpg,1.0
739,740,740.jpg,1.0
740,741,741.jpg,1.0
741,742,742.jpg,1.0
742,743,743.jpg,1.0
743,744,744.jpg,0.0
744,745,745.jpg,1.0
746,747,747.jpg,0.0
747,748,748.jpg,0.0
748,749,749.jpg,0.0
749,750,750.jpg,0.0
750,751,751.jpg,1.0
751,752,752.jpg,0.0
752,753,753.jpg,1.0
753,754,754.jpg,1.0
754,755,755.jpg,1.0
755,756,756.jpg,1.0
756,757,757.jpg,0.0
757,758,758.jpg,1.0
758,759,759.jpg,0.0
759,760,760.jpg,1.0
760,761,761.jpg,1.0
761,762,762.jpg,0.0
762,763,763.jpg,1.0
763,764,764.jpg,1.0
764,765,765.jpg,1.0
765,766,766.jpg,1.0
766,767,767.jpg,1.0
767,768,768.jpg,1.0
768,769,769.jpg,0.0
770,771,771.jpg,0.0
771,772,772.jpg,1.0
772,773,773.jpg,1.0
775,776,776.jpg,1.0
776,777,777.jpg,1.0
777,778,778.jpg,1.0
778,779,779.jpg,1.0
779,780,780.jpg,0.0
780,781,781.jpg,0.0
781,782,782.jpg,0.0
782,783,783.jpg,0.0
783,784,784.jpg,1.0
784,785,785.jpg,1.0
785,786,786.jpg,0.0
786,787,787.jpg,1.0
787,788,788.jpg,1.0
788,789,789.jpg,1.0
789,790,790.jpg,0.0
790,791,791.jpg,1.0
791,792,792.jpg,0.0
792,793,793.jpg,0.0
794,795,795.jpg,0.0
795,796,796.jpg,1.0
796,797,797.jpg,1.0
797,798,798.jpg,0.0
798,799,799.jpg,1.0
799,800,800.jpg,0.0
800,801,801.jpg,1.0
801,802,802.jpg,1.0
802,803,803.jpg,0.0
804,805,805.jpg,1.0
805,806,806.jpg,1.0
806,807,807.jpg,0.0
807,808,808.jpg,0.0
808,809,809.jpg,1.0
809,810,810.jpg,1.0
811,812,812.jpg,1.0
812,813,813.jpg,1.0
813,814,814.jpg,1.0
814,815,815.jpg,0.0
815,816,816.jpg,1.0
816,817,817.jpg,1.0
817,818,818.jpg,1.0
819,820,820.jpg,0.0
822,823,823.jpg,1.0
823,824,824.jpg,0.0
824,825,825.jpg,1.0
825,826,826.jpg,1.0
826,827,827.jpg,1.0
827,828,828.jpg,1.0
828,829,829.jpg,1.0
829,830,830.jpg,1.0
830,831,831.jpg,1.0
831,832,832.jpg,1.0
832,833,833.jpg,0.0
834,835,835.jpg,0.0
835,836,836.jpg,1.0
836,837,837.jpg,1.0
838,839,839.jpg,1.0
839,840,840.jpg,1.0
840,841,841.jpg,0.0
841,842,842.jpg,0.0
842,843,843.jpg,1.0
844,845,845.jpg,0.0
845,846,846.jpg,1.0
847,848,848.jpg,1.0
849,850,850.jpg,1.0
850,851,851.jpg,0.0
852,853,853.jpg,1.0
853,854,854.jpg,1.0
854,855,855.jpg,0.0
855,856,856.jpg,1.0
856,857,857.jpg,1.0
857,858,858.jpg,1.0
858,859,859.jpg,1.0
861,862,862.jpg,1.0
862,863,863.jpg,1.0
863,864,864.jpg,1.0
864,865,865.jpg,1.0
865,866,866.jpg,0.0
867,868,868.jpg,0.0
870,871,871.jpg,0.0
871,872,872.jpg,1.0
872,873,873.jpg,0.0
873,874,874.jpg,1.0
875,876,876.jpg,1.0
876,877,877.jpg,0.0
878,879,879.jpg,0.0
879,880,880.jpg,1.0
880,881,881.jpg,1.0
881,882,882.jpg,0.0
884,885,885.jpg,1.0
885,886,886.jpg,1.0
886,887,887.jpg,0.0
887,888,888.jpg,1.0
888,889,889.jpg,1.0
889,890,890.jpg,0.0
890,891,891.jpg,1.0
891,892,892.jpg,0.0
892,893,893.jpg,1.0
893,894,894.jpg,1.0
894,895,895.jpg,1.0
895,896,896.jpg,1.0
897,898,898.jpg,1.0
898,899,899.jpg,0.0
899,900,900.jpg,1.0
900,901,901.jpg,1.0
901,902,902.jpg,1.0
904,905,905.jpg,0.0
905,906,906.jpg,1.0
906,907,907.jpg,0.0
907,908,908.jpg,0.0
908,909,909.jpg,0.0
909,910,910.jpg,1.0
910,911,911.jpg,1.0
911,912,912.jpg,0.0
912,913,913.jpg,1.0
914,915,915.jpg,1.0
915,916,916.jpg,1.0
919,920,920.jpg,1.0
920,921,921.jpg,1.0
921,922,922.jpg,1.0
922,923,923.jpg,1.0
923,924,924.jpg,1.0
924,925,925.jpg,1.0
925,926,926.jpg,0.0
926,927,927.jpg,1.0
927,928,928.jpg,0.0
928,929,929.jpg,1.0
929,930,930.jpg,0.0
931,932,932.jpg,0.0
932,933,933.jpg,0.0
933,934,934.jpg,1.0
934,935,935.jpg,0.0
935,936,936.jpg,1.0
936,937,937.jpg,0.0
939,940,940.jpg,1.0
940,941,941.jpg,0.0
942,943,943.jpg,1.0
943,944,944.jpg,1.0
944,945,945.jpg,0.0
945,946,946.jpg,1.0
946,947,947.jpg,0.0
947,948,948.jpg,0.0
948,949,949.jpg,1.0
949,950,950.jpg,1.0
950,951,951.jpg,1.0
951,952,952.jpg,1.0
952,953,953.jpg,1.0
953,954,954.jpg,1.0
954,955,955.jpg,1.0
957,958,958.jpg,0.0
961,962,962.jpg,0.0
962,963,963.jpg,1.0
963,964,964.jpg,1.0
964,965,965.jpg,1.0
965,966,966.jpg,0.0
968,969,969.jpg,1.0
969,970,970.jpg,1.0
970,971,971.jpg,0.0
971,972,972.jpg,1.0
972,973,973.jpg,1.0
973,974,974.jpg,1.0
974,975,975.jpg,1.0
976,977,977.jpg,1.0
978,979,979.jpg,0.0
981,982,982.jpg,0.0
982,983,983.jpg,1.0
984,985,985.jpg,1.0
985,986,986.jpg,1.0
987,988,988.jpg,1.0
988,989,989.jpg,1.0
989,990,990.jpg,1.0
990,991,991.jpg,1.0
991,992,992.jpg,1.0
992,993,993.jpg,1.0
993,994,994.jpg,0.0
995,996,996.jpg,1.0
996,997,997.jpg,0.0
1001,1002,1002.jpg,1.0
1002,1003,1003.jpg,1.0
1003,1004,1004.jpg,1.0
1004,1005,1005.jpg,1.0
1005,1006,1006.jpg,1.0
1006,1007,1007.jpg,1.0
1007,1008,1008.jpg,1.0
1008,1009,1009.jpg,0.0
1011,1012,1012.jpg,0.0
1012,1013,1013.jpg,1.0
1013,1014,1014.jpg,1.0
1014,1015,1015.jpg,1.0
1016,1017,1017.jpg,1.0
1018,1019,1019.jpg,1.0
1019,1020,1020.jpg,1.0
1020,1021,1021.jpg,1.0
1021,1022,1022.jpg,0.0
1022,1023,1023.jpg,1.0
1023,1024,1024.jpg,0.0
1025,1026,1026.jpg,0.0
1026,1027,1027.jpg,0.0
1027,1028,1028.jpg,1.0
1028,1029,1029.jpg,1.0
1029,1030,1030.jpg,1.0
1030,1031,1031.jpg,1.0
1032,1033,1033.jpg,0.0
1033,1034,1034.jpg,1.0
1034,1035,1035.jpg,1.0
1035,1036,1036.jpg,0.0
1036,1037,1037.jpg,1.0
1037,1038,1038.jpg,1.0
1038,1039,1039.jpg,1.0
1039,1040,1040.jpg,0.0
1040,1041,1041.jpg,1.0
1041,1042,1042.jpg,1.0
1044,1045,1045.jpg,1.0
1046,1047,1047.jpg,1.0
1047,1048,1048.jpg,0.0
1048,1049,1049.jpg,1.0
1049,1050,1050.jpg,0.0
1053,1054,1054.jpg,1.0
1054,1055,1055.jpg,1.0
1055,1056,1056.jpg,0.0
1056,1057,1057.jpg,0.0
1057,1058,1058.jpg,0.0
1058,1059,1059.jpg,1.0
1059,1060,1060.jpg,1.0
1060,1061,1061.jpg,1.0
1061,1062,1062.jpg,1.0
1062,1063,1063.jpg,1.0
1063,1064,1064.jpg,1.0
1064,1065,1065.jpg,1.0
1066,1067,1067.jpg,0.0
1067,1068,1068.jpg,1.0
1068,1069,1069.jpg,0.0
1069,1070,1070.jpg,0.0
1070,1071,1071.jpg,1.0
1071,1072,1072.jpg,1.0
1072,1073,1073.jpg,0.0
1073,1074,1074.jpg,0.0
1074,1075,1075.jpg,1.0
1075,1076,1076.jpg,1.0
1076,1077,1077.jpg,1.0
1080,1081,1081.jpg,0.0
1081,1082,1082.jpg,0.0
1082,1083,1083.jpg,1.0
1084,1085,1085.jpg,0.0
1085,1086,1086.jpg,0.0
1086,1087,1087.jpg,0.0
1087,1088,1088.jpg,1.0
1088,1089,1089.jpg,0.0
1089,1090,1090.jpg,0.0
1090,1091,1091.jpg,1.0
1092,1093,1093.jpg,1.0
1093,1094,1094.jpg,1.0
1094,1095,1095.jpg,1.0
1095,1096,1096.jpg,0.0
1097,1098,1098.jpg,1.0
1098,1099,1099.jpg,1.0
1099,1100,1100.jpg,1.0
1100,1101,1101.jpg,1.0
1101,1102,1102.jpg,0.0
1102,1103,1103.jpg,1.0
1103,1104,1104.jpg,1.0
1105,1106,1106.jpg,1.0
1106,1107,1107.jpg,1.0
1107,1108,1108.jpg,0.0
1108,1109,1109.jpg,1.0
1109,1110,1110.jpg,1.0
1110,1111,1111.jpg,1.0
1111,1112,1112.jpg,1.0
1112,1113,1113.jpg,1.0
1113,1114,1114.jpg,1.0
1114,1115,1115.jpg,0.0
1116,1117,1117.jpg,0.0
1117,1118,1118.jpg,1.0
1118,1119,1119.jpg,1.0
1119,1120,1120.jpg,1.0
1120,1121,1121.jpg,0.0
1121,1122,1122.jpg,0.0
1122,1123,1123.jpg,1.0
1123,1124,1124.jpg,1.0
1125,1126,1126.jpg,0.0
1126,1127,1127.jpg,0.0
1127,1128,1128.jpg,1.0
1128,1129,1129.jpg,0.0
1129,1130,1130.jpg,1.0
1130,1131,1131.jpg,0.0
1131,1132,1132.jpg,1.0
1132,1133,1133.jpg,1.0
1134,1135,1135.jpg,1.0
1135,1136,1136.jpg,1.0
1137,1138,1138.jpg,0.0
1138,1139,1139.jpg,0.0
1139,1140,1140.jpg,0.0
1141,1142,1142.jpg,1.0
1142,1143,1143.jpg,1.0
1143,1144,1144.jpg,0.0
1144,1145,1145.jpg,1.0
1146,1147,1147.jpg,1.0
1147,1148,1148.jpg,1.0
1148,1149,1149.jpg,1.0
1149,1150,1150.jpg,0.0
1150,1151,1151.jpg,1.0
1151,1152,1152.jpg,1.0
1152,1153,1153.jpg,0.0
1153,1154,1154.jpg,0.0
1154,1155,1155.jpg,1.0
1155,1156,1156.jpg,1.0
1156,1157,1157.jpg,1.0
1157,1158,1158.jpg,1.0
1158,1159,1159.jpg,0.0
1161,1162,1162.jpg,0.0
1162,1163,1163.jpg,0.0
1163,1164,1164.jpg,1.0
1165,1166,1166.jpg,1.0
1166,1167,1167.jpg,0.0
1167,1168,1168.jpg,1.0
1168,1169,1169.jpg,1.0
1169,1170,1170.jpg,0.0
1170,1171,1171.jpg,0.0
1171,1172,1172.jpg,1.0
1172,1173,1173.jpg,0.0
1173,1174,1174.jpg,0.0
1174,1175,1175.jpg,1.0
1175,1176,1176.jpg,0.0
1177,1178,1178.jpg,0.0
1179,1180,1180.jpg,1.0
1180,1181,1181.jpg,1.0
1181,1182,1182.jpg,0.0
1182,1183,1183.jpg,1.0
1183,1184,1184.jpg,1.0
1184,1185,1185.jpg,0.0
1185,1186,1186.jpg,1.0
1186,1187,1187.jpg,0.0
1187,1188,1188.jpg,1.0
1188,1189,1189.jpg,1.0
1189,1190,1190.jpg,0.0
1191,1192,1192.jpg,0.0
1192,1193,1193.jpg,1.0
1194,1195,1195.jpg,1.0
1198,1199,1199.jpg,1.0
1199,1200,1200.jpg,1.0
1200,1201,1201.jpg,1.0
1201,1202,1202.jpg,1.0
1202,1203,1203.jpg,0.0
1204,1205,1205.jpg,0.0
1206,1207,1207.jpg,1.0
1207,1208,1208.jpg,1.0
1208,1209,1209.jpg,1.0
1209,1210,1210.jpg,1.0
1210,1211,1211.jpg,1.0
1211,1212,1212.jpg,1.0
1212,1213,1213.jpg,1.0
1213,1214,1214.jpg,0.0
1214,1215,1215.jpg,1.0
1216,1217,1217.jpg,1.0
1217,1218,1218.jpg,1.0
1218,1219,1219.jpg,0.0
1219,1220,1220.jpg,1.0
1220,1221,1221.jpg,0.0
1221,1222,1222.jpg,1.0
1222,1223,1223.jpg,1.0
1223,1224,1224.jpg,1.0
1224,1225,1225.jpg,1.0
1225,1226,1226.jpg,0.0
1226,1227,1227.jpg,0.0
1227,1228,1228.jpg,0.0
1228,1229,1229.jpg,1.0
1229,1230,1230.jpg,1.0
1230,1231,1231.jpg,0.0
1231,1232,1232.jpg,1.0
1232,1233,1233.jpg,1.0
1235,1236,1236.jpg,1.0
1236,1237,1237.jpg,1.0
1237,1238,1238.jpg,1.0
1238,1239,1239.jpg,0.0
1239,1240,1240.jpg,1.0
1240,1241,1241.jpg,0.0
1241,1242,1242.jpg,0.0
1242,1243,1243.jpg,0.0
1243,1244,1244.jpg,1.0
1244,1245,1245.jpg,1.0
1245,1246,1246.jpg,0.0
1246,1247,1247.jpg,1.0
1248,1249,1249.jpg,1.0
1249,1250,1250.jpg,0.0
1250,1251,1251.jpg,1.0
1252,1253,1253.jpg,1.0
1253,1254,1254.jpg,1.0
1255,1256,1256.jpg,0.0
1256,1257,1257.jpg,1.0
1257,1258,1258.jpg,0.0
1258,1259,1259.jpg,1.0
1259,1260,1260.jpg,1.0
1260,1261,1261.jpg,1.0
1261,1262,1262.jpg,1.0
1263,1264,1264.jpg,1.0
1264,1265,1265.jpg,0.0
1265,1266,1266.jpg,0.0
1266,1267,1267.jpg,1.0
1267,1268,1268.jpg,1.0
1268,1269,1269.jpg,1.0
1270,1271,1271.jpg,1.0
1271,1272,1272.jpg,1.0
1272,1273,1273.jpg,0.0
1273,1274,1274.jpg,1.0
1274,1275,1275.jpg,0.0
1275,1276,1276.jpg,1.0
1276,1277,1277.jpg,1.0
1279,1280,1280.jpg,0.0
1280,1281,1281.jpg,1.0
1281,1282,1282.jpg,1.0
1282,1283,1283.jpg,1.0
1283,1284,1284.jpg,1.0
1284,1285,1285.jpg,0.0
1285,1286,1286.jpg,0.0
1286,1287,1287.jpg,1.0
1287,1288,1288.jpg,1.0
1288,1289,1289.jpg,1.0
1289,1290,1290.jpg,1.0
1290,1291,1291.jpg,1.0
1291,1292,1292.jpg,0.0
1292,1293,1293.jpg,1.0
1293,1294,1294.jpg,1.0
1294,1295,1295.jpg,0.0
1296,1297,1297.jpg,1.0
1297,1298,1298.jpg,1.0
1298,1299,1299.jpg,1.0
1299,1300,1300.jpg,1.0
1300,1301,1301.jpg,0.0
1302,1303,1303.jpg,1.0
1304,1305,1305.jpg,1.0
1306,1307,1307.jpg,0.0
1308,1309,1309.jpg,1.0
1309,1310,1310.jpg,0.0
1310,1311,1311.jpg,1.0
1311,1312,1312.jpg,1.0
1312,1313,1313.jpg,1.0
1313,1314,1314.jpg,1.0
1314,1315,1315.jpg,1.0
1315,1316,1316.jpg,1.0
1316,1317,1317.jpg,1.0
1318,1319,1319.jpg,0.0
1319,1320,1320.jpg,0.0
1320,1321,1321.jpg,1.0
1321,1322,1322.jpg,1.0
1324,1325,1325.jpg,1.0
1325,1326,1326.jpg,1.0
1326,1327,1327.jpg,1.0
1327,1328,1328.jpg,0.0
1328,1329,1329.jpg,1.0
1329,1330,1330.jpg,0.0
1330,1331,1331.jpg,1.0
1331,1332,1332.jpg,1.0
1332,1333,1333.jpg,0.0
1333,1334,1334.jpg,1.0
1334,1335,1335.jpg,0.0
1335,1336,1336.jpg,1.0
1336,1337,1337.jpg,0.0
1337,1338,1338.jpg,1.0
1338,1339,1339.jpg,0.0
1339,1340,1340.jpg,1.0
1340,1341,1341.jpg,1.0
1341,1342,1342.jpg,1.0
1342,1343,1343.jpg,0.0
1343,1344,1344.jpg,1.0
1344,1345,1345.jpg,0.0
1345,1346,1346.jpg,1.0
1347,1348,1348.jpg,0.0
1349,1350,1350.jpg,1.0
1350,1351,1351.jpg,1.0
1351,1352,1352.jpg,1.0
1352,1353,1353.jpg,0.0
1354,1355,1355.jpg,1.0
1355,1356,1356.jpg,1.0
1356,1357,1357.jpg,1.0
1357,1358,1358.jpg,0.0
1358,1359,1359.jpg,1.0
1359,1360,1360.jpg,1.0
1360,1361,1361.jpg,0.0
1361,1362,1362.jpg,0.0
1362,1363,1363.jpg,1.0
1364,1365,1365.jpg,0.0
1365,1366,1366.jpg,1.0
1366,1367,1367.jpg,1.0
1367,1368,1368.jpg,1.0
1369,1370,1370.jpg,1.0
1370,1371,1371.jpg,1.0
1371,1372,1372.jpg,1.0
1372,1373,1373.jpg,1.0
1373,1374,1374.jpg,1.0
1376,1377,1377.jpg,0.0
1377,1378,1378.jpg,1.0
1379,1380,1380.jpg,1.0
1380,1381,1381.jpg,1.0
1381,1382,1382.jpg,0.0
1382,1383,1383.jpg,1.0
1383,1384,1384.jpg,0.0
1384,1385,1385.jpg,0.0
1385,1386,1386.jpg,1.0
1387,1388,1388.jpg,0.0
1388,1389,1389.jpg,0.0
1389,1390,1390.jpg,1.0
1390,1391,1391.jpg,0.0
1391,1392,1392.jpg,0.0
1392,1393,1393.jpg,1.0
1393,1394,1394.jpg,0.0
1395,1396,1396.jpg,1.0
1396,1397,1397.jpg,1.0
1397,1398,1398.jpg,1.0
1398,1399,1399.jpg,1.0
1399,1400,1400.jpg,0.0
1401,1402,1402.jpg,1.0
1402,1403,1403.jpg,1.0
1403,1404,1404.jpg,1.0
1405,1406,1406.jpg,1.0
1406,1407,1407.jpg,0.0
1408,1409,1409.jpg,1.0
1409,1410,1410.jpg,1.0
1410,1411,1411.jpg,0.0
1411,1412,1412.jpg,1.0
1414,1415,1415.jpg,0.0
1415,1416,1416.jpg,1.0
1416,1417,1417.jpg,1.0
1417,1418,1418.jpg,0.0
1418,1419,1419.jpg,1.0
1419,1420,1420.jpg,1.0
1420,1421,1421.jpg,1.0
1421,1422,1422.jpg,0.0
1422,1423,1423.jpg,1.0
1423,1424,1424.jpg,0.0
1424,1425,1425.jpg,1.0
1426,1427,1427.jpg,1.0
1427,1428,1428.jpg,1.0
1428,1429,1429.jpg,0.0
1429,1430,1430.jpg,1.0
1430,1431,1431.jpg,1.0
1431,1432,1432.jpg,1.0
1433,1434,1434.jpg,0.0
1434,1435,1435.jpg,1.0
1435,1436,1436.jpg,1.0
1437,1438,1438.jpg,1.0
1438,1439,1439.jpg,1.0
1439,1440,1440.jpg,1.0
1440,1441,1441.jpg,1.0
1441,1442,1442.jpg,1.0
1442,1443,1443.jpg,1.0
1443,1444,1444.jpg,1.0
1444,1445,1445.jpg,1.0
1446,1447,1447.jpg,1.0
1448,1449,1449.jpg,1.0
1449,1450,1450.jpg,1.0
1450,1451,1451.jpg,0.0
1452,1453,1453.jpg,1.0
1453,1454,1454.jpg,1.0
1454,1455,1455.jpg,1.0
1455,1456,1456.jpg,1.0
1456,1457,1457.jpg,0.0
1458,1459,1459.jpg,1.0
1460,1461,1461.jpg,1.0
1461,1462,1462.jpg,1.0
1462,1463,1463.jpg,1.0
1463,1464,1464.jpg,0.0
1464,1465,1465.jpg,1.0
1465,1466,1466.jpg,1.0
1466,1467,1467.jpg,1.0
1468,1469,1469.jpg,0.0
1469,1470,1470.jpg,1.0
1471,1472,1472.jpg,1.0
1472,1473,1473.jpg,1.0
1473,1474,1474.jpg,1.0
1474,1475,1475.jpg,1.0
1475,1476,1476.jpg,0.0
1476,1477,1477.jpg,1.0
1477,1478,1478.jpg,1.0
1478,1479,1479.jpg,0.0
1480,1481,1481.jpg,1.0
1481,1482,1482.jpg,1.0
1482,1483,1483.jpg,1.0
1483,1484,1484.jpg,1.0
1484,1485,1485.jpg,0.0
1485,1486,1486.jpg,0.0
1486,1487,1487.jpg,0.0
1488,1489,1489.jpg,1.0
1489,1490,1490.jpg,1.0
1490,1491,1491.jpg,0.0
1491,1492,1492.jpg,1.0
1492,1493,1493.jpg,0.0
1493,1494,1494.jpg,0.0
1494,1495,1495.jpg,0.0
1495,1496,1496.jpg,1.0
1496,1497,1497.jpg,0.0
1497,1498,1498.jpg,1.0
1498,1499,1499.jpg,1.0
1499,1500,1500.jpg,1.0
1500,1501,1501.jpg,1.0
1501,1502,1502.jpg,1.0
1502,1503,1503.jpg,0.0
1503,1504,1504.jpg,1.0
1505,1506,1506.jpg,0.0
1507,1508,1508.jpg,1.0
1508,1509,1509.jpg,1.0
1509,1510,1510.jpg,1.0
1510,1511,1511.jpg,1.0
1511,1512,1512.jpg,1.0
1512,1513,1513.jpg,1.0
1513,1514,1514.jpg,1.0
1514,1515,1515.jpg,0.0
1515,1516,1516.jpg,1.0
1516,1517,1517.jpg,1.0
1517,1518,1518.jpg,0.0
1521,1522,1522.jpg,1.0
1522,1523,1523.jpg,0.0
1523,1524,1524.jpg,1.0
1524,1525,1525.jpg,1.0
1525,1526,1526.jpg,1.0
1526,1527,1527.jpg,1.0
1527,1528,1528.jpg,1.0
1528,1529,1529.jpg,0.0
1529,1530,1530.jpg,0.0
1533,1534,1534.jpg,0.0
1534,1535,1535.jpg,0.0
1535,1536,1536.jpg,1.0
1536,1537,1537.jpg,0.0
1537,1538,1538.jpg,0.0
1538,1539,1539.jpg,1.0
1539,1540,1540.jpg,1.0
1541,1542,1542.jpg,0.0
1542,1543,1543.jpg,0.0
1544,1545,1545.jpg,0.0
1545,1546,1546.jpg,1.0
1546,1547,1547.jpg,1.0
1547,1548,1548.jpg,1.0
1548,1549,1549.jpg,1.0
1550,1551,1551.jpg,1.0
1551,1552,1552.jpg,1.0
1552,1553,1553.jpg,0.0
1553,1554,1554.jpg,1.0
1555,1556,1556.jpg,1.0
1558,1559,1559.jpg,1.0
1559,1560,1560.jpg,0.0
1560,1561,1561.jpg,0.0
1561,1562,1562.jpg,1.0
1562,1563,1563.jpg,1.0
1563,1564,1564.jpg,0.0
1564,1565,1565.jpg,0.0
1566,1567,1567.jpg,1.0
1567,1568,1568.jpg,1.0
1568,1569,1569.jpg,1.0
1570,1571,1571.jpg,1.0
1571,1572,1572.jpg,1.0
1572,1573,1573.jpg,1.0
1573,1574,1574.jpg,1.0
1574,1575,1575.jpg,0.0
1575,1576,1576.jpg,1.0
1576,1577,1577.jpg,1.0
1577,1578,1578.jpg,1.0
1581,1582,1582.jpg,1.0
1582,1583,1583.jpg,1.0
1583,1584,1584.jpg,0.0
1585,1586,1586.jpg,0.0
1586,1587,1587.jpg,1.0
1587,1588,1588.jpg,1.0
1588,1589,1589.jpg,1.0
1589,1590,1590.jpg,1.0
1590,1591,1591.jpg,1.0
1591,1592,1592.jpg,1.0
1592,1593,1593.jpg,1.0
1594,1595,1595.jpg,0.0
1595,1596,1596.jpg,1.0
1596,1597,1597.jpg,0.0
1597,1598,1598.jpg,0.0
1599,1600,1600.jpg,1.0
1600,1601,1601.jpg,1.0
1601,1602,1602.jpg,1.0
1602,1603,1603.jpg,1.0
1603,1604,1604.jpg,1.0
1604,1605,1605.jpg,1.0
1605,1606,1606.jpg,0.0
1606,1607,1607.jpg,0.0
1607,1608,1608.jpg,1.0
1608,1609,1609.jpg,1.0
1610,1611,1611.jpg,0.0
1611,1612,1612.jpg,1.0
1612,1613,1613.jpg,1.0
1613,1614,1614.jpg,1.0
1614,1615,1615.jpg,1.0
1615,1616,1616.jpg,1.0
1616,1617,1617.jpg,1.0
1619,1620,1620.jpg,0.0
1620,1621,1621.jpg,1.0
1621,1622,1622.jpg,1.0
1622,1623,1623.jpg,1.0
1623,1624,1624.jpg,0.0
1624,1625,1625.jpg,0.0
1625,1626,1626.jpg,0.0
1626,1627,1627.jpg,0.0
1627,1628,1628.jpg,1.0
1628,1629,1629.jpg,0.0
1629,1630,1630.jpg,0.0
1630,1631,1631.jpg,1.0
1631,1632,1632.jpg,1.0
1632,1633,1633.jpg,1.0
1633,1634,1634.jpg,1.0
1634,1635,1635.jpg,0.0
1635,1636,1636.jpg,1.0
1636,1637,1637.jpg,1.0
1637,1638,1638.jpg,1.0
1639,1640,1640.jpg,1.0
1640,1641,1641.jpg,0.0
1641,1642,1642.jpg,0.0
1643,1644,1644.jpg,1.0
1644,1645,1645.jpg,1.0
1645,1646,1646.jpg,0.0
1646,1647,1647.jpg,0.0
1647,1648,1648.jpg,1.0
1648,1649,1649.jpg,1.0
1649,1650,1650.jpg,1.0
1650,1651,1651.jpg,1.0
1651,1652,1652.jpg,1.0
1652,1653,1653.jpg,1.0
1653,1654,1654.jpg,1.0
1654,1655,1655.jpg,1.0
1655,1656,1656.jpg,1.0
1656,1657,1657.jpg,1.0
1657,1658,1658.jpg,0.0
1658,1659,1659.jpg,1.0
1659,1660,1660.jpg,1.0
1660,1661,1661.jpg,1.0
1662,1663,1663.jpg,1.0
1663,1664,1664.jpg,0.0
1664,1665,1665.jpg,1.0
1665,1666,1666.jpg,1.0
1667,1668,1668.jpg,0.0
1668,1669,1669.jpg,0.0
1669,1670,1670.jpg,1.0
1670,1671,1671.jpg,1.0
1671,1672,1672.jpg,1.0
1672,1673,1673.jpg,1.0
1673,1674,1674.jpg,1.0
1674,1675,1675.jpg,1.0
1676,1677,1677.jpg,1.0
1678,1679,1679.jpg,0.0
1679,1680,1680.jpg,1.0
1680,1681,1681.jpg,1.0
1681,1682,1682.jpg,1.0
1682,1683,1683.jpg,1.0
1683,1684,1684.jpg,1.0
1684,1685,1685.jpg,1.0
1686,1687,1687.jpg,0.0
1688,1689,1689.jpg,1.0
1689,1690,1690.jpg,0.0
1691,1692,1692.jpg,0.0
1692,1693,1693.jpg,1.0
1693,1694,1694.jpg,1.0
1694,1695,1695.jpg,1.0
1695,1696,1696.jpg,0.0
1696,1697,1697.jpg,1.0
1699,1700,1700.jpg,0.0
1700,1701,1701.jpg,1.0
1701,1702,1702.jpg,0.0
1702,1703,1703.jpg,0.0
1703,1704,1704.jpg,1.0
1704,1705,1705.jpg,0.0
1705,1706,1706.jpg,1.0
1706,1707,1707.jpg,0.0
1707,1708,1708.jpg,1.0
1709,1710,1710.jpg,0.0
1710,1711,1711.jpg,0.0
1711,1712,1712.jpg,1.0
1712,1713,1713.jpg,1.0
1713,1714,1714.jpg,1.0
1714,1715,1715.jpg,1.0
1715,1716,1716.jpg,1.0
1716,1717,1717.jpg,1.0
1717,1718,1718.jpg,1.0
1718,1719,1719.jpg,0.0
1719,1720,1720.jpg,0.0
1720,1721,1721.jpg,1.0
1721,1722,1722.jpg,1.0
1722,1723,1723.jpg,1.0
1723,1724,1724.jpg,1.0
1724,1725,1725.jpg,1.0
1725,1726,1726.jpg,0.0
1726,1727,1727.jpg,1.0
1727,1728,1728.jpg,0.0
1728,1729,1729.jpg,1.0
1729,1730,1730.jpg,1.0
1730,1731,1731.jpg,1.0
1732,1733,1733.jpg,1.0
1733,1734,1734.jpg,1.0
1734,1735,1735.jpg,1.0
1735,1736,1736.jpg,1.0
1736,1737,1737.jpg,1.0
1738,1739,1739.jpg,1.0
1739,1740,1740.jpg,1.0
1740,1741,1741.jpg,1.0
1744,1745,1745.jpg,0.0
1745,1746,1746.jpg,0.0
1746,1747,1747.jpg,0.0
1747,1748,1748.jpg,0.0
1748,1749,1749.jpg,1.0
1750,1751,1751.jpg,1.0
1752,1753,1753.jpg,0.0
1753,1754,1754.jpg,1.0
1754,1755,1755.jpg,0.0
1755,1756,1756.jpg,1.0
1757,1758,1758.jpg,1.0
1758,1759,1759.jpg,1.0
1759,1760,1760.jpg,1.0
1761,1762,1762.jpg,1.0
1763,1764,1764.jpg,1.0
1765,1766,1766.jpg,1.0
1766,1767,1767.jpg,1.0
1768,1769,1769.jpg,1.0
1769,1770,1770.jpg,1.0
1770,1771,1771.jpg,1.0
1772,1773,1773.jpg,0.0
1773,1774,1774.jpg,1.0
1774,1775,1775.jpg,1.0
1776,1777,1777.jpg,1.0
1777,1778,1778.jpg,1.0
1778,1779,1779.jpg,0.0
1779,1780,1780.jpg,0.0
1780,1781,1781.jpg,0.0
1781,1782,1782.jpg,1.0
1782,1783,1783.jpg,1.0
1783,1784,1784.jpg,1.0
1785,1786,1786.jpg,0.0
1786,1787,1787.jpg,1.0
1788,1789,1789.jpg,1.0
1789,1790,1790.jpg,0.0
1792,1793,1793.jpg,1.0
1794,1795,1795.jpg,1.0
1796,1797,1797.jpg,1.0
1797,1798,1798.jpg,1.0
1798,1799,1799.jpg,1.0
1799,1800,1800.jpg,1.0
1800,1801,1801.jpg,0.0
1801,1802,1802.jpg,1.0
1802,1803,1803.jpg,0.0
1803,1804,1804.jpg,0.0
1805,1806,1806.jpg,1.0
1806,1807,1807.jpg,1.0
1807,1808,1808.jpg,1.0
1809,1810,1810.jpg,1.0
1810,1811,1811.jpg,1.0
1811,1812,1812.jpg,1.0
1813,1814,1814.jpg,0.0
1814,1815,1815.jpg,1.0
1815,1816,1816.jpg,1.0
1817,1818,1818.jpg,1.0
1818,1819,1819.jpg,1.0
1819,1820,1820.jpg,1.0
1820,1821,1821.jpg,0.0
1821,1822,1822.jpg,0.0
1822,1823,1823.jpg,0.0
1823,1824,1824.jpg,1.0
1824,1825,1825.jpg,1.0
1825,1826,1826.jpg,0.0
1826,1827,1827.jpg,1.0
1827,1828,1828.jpg,1.0
1828,1829,1829.jpg,1.0
1829,1830,1830.jpg,1.0
1830,1831,1831.jpg,0.0
1831,1832,1832.jpg,1.0
1832,1833,1833.jpg,0.0
1834,1835,1835.jpg,0.0
1835,1836,1836.jpg,0.0
1836,1837,1837.jpg,0.0
1837,1838,1838.jpg,0.0
1838,1839,1839.jpg,0.0
1839,1840,1840.jpg,1.0
1840,1841,1841.jpg,0.0
1841,1842,1842.jpg,0.0
1842,1843,1843.jpg,1.0
1844,1845,1845.jpg,1.0
1846,1847,1847.jpg,1.0
1849,1850,1850.jpg,1.0
1850,1851,1851.jpg,1.0
1851,1852,1852.jpg,1.0
1852,1853,1853.jpg,1.0
1853,1854,1854.jpg,0.0
1855,1856,1856.jpg,1.0
1856,1857,1857.jpg,0.0
1858,1859,1859.jpg,0.0
1859,1860,1860.jpg,1.0
1860,1861,1861.jpg,1.0
1861,1862,1862.jpg,0.0
1862,1863,1863.jpg,1.0
1863,1864,1864.jpg,1.0
1864,1865,1865.jpg,0.0
1865,1866,1866.jpg,1.0
1866,1867,1867.jpg,0.0
1867,1868,1868.jpg,1.0
1868,1869,1869.jpg,1.0
1869,1870,1870.jpg,1.0
1871,1872,1872.jpg,0.0
1874,1875,1875.jpg,1.0
1875,1876,1876.jpg,1.0
1876,1877,1877.jpg,1.0
1878,1879,1879.jpg,1.0
1879,1880,1880.jpg,1.0
1880,1881,1881.jpg,1.0
1881,1882,1882.jpg,0.0
1882,1883,1883.jpg,1.0
1884,1885,1885.jpg,1.0
1885,1886,1886.jpg,0.0
1886,1887,1887.jpg,1.0
1887,1888,1888.jpg,0.0
1888,1889,1889.jpg,1.0
1889,1890,1890.jpg,1.0
1892,1893,1893.jpg,1.0
1893,1894,1894.jpg,1.0
1894,1895,1895.jpg,1.0
1895,1896,1896.jpg,1.0
1896,1897,1897.jpg,1.0
1897,1898,1898.jpg,1.0
1898,1899,1899.jpg,1.0
1899,1900,1900.jpg,1.0
1900,1901,1901.jpg,0.0
1901,1902,1902.jpg,1.0
1904,1905,1905.jpg,1.0
1905,1906,1906.jpg,0.0
1906,1907,1907.jpg,1.0
1908,1909,1909.jpg,0.0
1909,1910,1910.jpg,1.0
1911,1912,1912.jpg,0.0
1912,1913,1913.jpg,1.0
1913,1914,1914.jpg,1.0
1914,1915,1915.jpg,1.0
1915,1916,1916.jpg,1.0
1916,1917,1917.jpg,0.0
1918,1919,1919.jpg,1.0
1919,1920,1920.jpg,0.0
1921,1922,1922.jpg,1.0
1922,1923,1923.jpg,1.0
1923,1924,1924.jpg,1.0
1924,1925,1925.jpg,1.0
1925,1926,1926.jpg,1.0
1926,1927,1927.jpg,1.0
1927,1928,1928.jpg,1.0
1929,1930,1930.jpg,1.0
1931,1932,1932.jpg,1.0
1932,1933,1933.jpg,1.0
1934,1935,1935.jpg,0.0
1935,1936,1936.jpg,1.0
1936,1937,1937.jpg,1.0
1937,1938,1938.jpg,1.0
1939,1940,1940.jpg,1.0
1940,1941,1941.jpg,1.0
1941,1942,1942.jpg,1.0
1943,1944,1944.jpg,0.0
1946,1947,1947.jpg,1.0
1947,1948,1948.jpg,0.0
1948,1949,1949.jpg,0.0
1949,1950,1950.jpg,1.0
1950,1951,1951.jpg,0.0
1952,1953,1953.jpg,0.0
1953,1954,1954.jpg,1.0
1954,1955,1955.jpg,0.0
1955,1956,1956.jpg,1.0
1956,1957,1957.jpg,1.0
1957,1958,1958.jpg,1.0
1960,1961,1961.jpg,1.0
1961,1962,1962.jpg,1.0
1963,1964,1964.jpg,1.0
1964,1965,1965.jpg,0.0
1965,1966,1966.jpg,1.0
1967,1968,1968.jpg,1.0
1968,1969,1969.jpg,0.0
1970,1971,1971.jpg,1.0
1971,1972,1972.jpg,1.0
1972,1973,1973.jpg,0.0
1973,1974,1974.jpg,0.0
1974,1975,1975.jpg,1.0
1976,1977,1977.jpg,1.0
1977,1978,1978.jpg,0.0
1978,1979,1979.jpg,1.0
1979,1980,1980.jpg,1.0
1980,1981,1981.jpg,1.0
1981,1982,1982.jpg,0.0
1982,1983,1983.jpg,1.0
1983,1984,1984.jpg,1.0
1984,1985,1985.jpg,1.0
1985,1986,1986.jpg,1.0
1986,1987,1987.jpg,0.0
1987,1988,1988.jpg,1.0
1992,1993,1993.jpg,0.0
1993,1994,1994.jpg,0.0
1994,1995,1995.jpg,1.0
1995,1996,1996.jpg,1.0
1996,1997,1997.jpg,1.0
1997,1998,1998.jpg,1.0
1998,1999,1999.jpg,1.0
1999,2000,2000.jpg,0.0
2001,2002,2002.jpg,1.0
2002,2003,2003.jpg,1.0
2003,2004,2004.jpg,0.0
2004,2005,2005.jpg,0.0
2005,2006,2006.jpg,1.0
2006,2007,2007.jpg,1.0
2007,2008,2008.jpg,1.0
2008,2009,2009.jpg,1.0
2009,2010,2010.jpg,1.0
2010,2011,2011.jpg,0.0
2011,2012,2012.jpg,0.0
2012,2013,2013.jpg,1.0
2013,2014,2014.jpg,0.0
2015,2016,2016.jpg,1.0
2016,2017,2017.jpg,1.0
2017,2018,2018.jpg,1.0
2018,2019,2019.jpg,0.0
2019,2020,2020.jpg,0.0
2020,2021,2021.jpg,1.0
2021,2022,2022.jpg,1.0
2022,2023,2023.jpg,1.0
2023,2024,2024.jpg,1.0
2025,2026,2026.jpg,0.0
2026,2027,2027.jpg,1.0
2027,2028,2028.jpg,0.0
2028,2029,2029.jpg,1.0
2031,2032,2032.jpg,1.0
2032,2033,2033.jpg,1.0
2034,2035,2035.jpg,1.0
2035,2036,2036.jpg,0.0
2036,2037,2037.jpg,1.0
2037,2038,2038.jpg,1.0
2038,2039,2039.jpg,1.0
2040,2041,2041.jpg,1.0
2041,2042,2042.jpg,1.0
2042,2043,2043.jpg,1.0
2043,2044,2044.jpg,0.0
2046,2047,2047.jpg,0.0
2049,2050,2050.jpg,1.0
2050,2051,2051.jpg,1.0
2052,2053,2053.jpg,0.0
2053,2054,2054.jpg,1.0
2055,2056,2056.jpg,1.0
2056,2057,2057.jpg,1.0
2057,2058,2058.jpg,0.0
2059,2060,2060.jpg,0.0
2060,2061,2061.jpg,1.0
2061,2062,2062.jpg,1.0
2062,2063,2063.jpg,1.0
2064,2065,2065.jpg,1.0
2065,2066,2066.jpg,1.0
2066,2067,2067.jpg,1.0
2068,2069,2069.jpg,1.0
2069,2070,2070.jpg,0.0
2070,2071,2071.jpg,0.0
2072,2073,2073.jpg,1.0
2073,2074,2074.jpg,1.0
2075,2076,2076.jpg,0.0
2076,2077,2077.jpg,1.0
2077,2078,2078.jpg,1.0
2078,2079,2079.jpg,1.0
2079,2080,2080.jpg,1.0
2080,2081,2081.jpg,1.0
2081,2082,2082.jpg,1.0
2082,2083,2083.jpg,1.0
2083,2084,2084.jpg,1.0
2084,2085,2085.jpg,1.0
2085,2086,2086.jpg,0.0
2086,2087,2087.jpg,0.0
2087,2088,2088.jpg,1.0
2088,2089,2089.jpg,0.0
2089,2090,2090.jpg,0.0
2090,2091,2091.jpg,0.0
2092,2093,2093.jpg,1.0
2093,2094,2094.jpg,0.0
2094,2095,2095.jpg,0.0
2095,2096,2096.jpg,1.0
2096,2097,2097.jpg,1.0
2097,2098,2098.jpg,0.0
2098,2099,2099.jpg,1.0
2099,2100,2100.jpg,0.0
2100,2101,2101.jpg,0.0
2104,2105,2105.jpg,1.0
2105,2106,2106.jpg,1.0
2106,2107,2107.jpg,0.0
2107,2108,2108.jpg,1.0
2108,2109,2109.jpg,1.0
2110,2111,2111.jpg,1.0
2111,2112,2112.jpg,0.0
2113,2114,2114.jpg,1.0
2114,2115,2115.jpg,1.0
2115,2116,2116.jpg,0.0
2116,2117,2117.jpg,1.0
2117,2118,2118.jpg,1.0
2118,2119,2119.jpg,0.0
2119,2120,2120.jpg,1.0
2120,2121,2121.jpg,0.0
2121,2122,2122.jpg,1.0
2122,2123,2123.jpg,1.0
2124,2125,2125.jpg,0.0
2125,2126,2126.jpg,1.0
2126,2127,2127.jpg,1.0
2127,2128,2128.jpg,1.0
2129,2130,2130.jpg,1.0
2130,2131,2131.jpg,0.0
2131,2132,2132.jpg,1.0
2132,2133,2133.jpg,0.0
2133,2134,2134.jpg,0.0
2135,2136,2136.jpg,1.0
2138,2139,2139.jpg,0.0
2139,2140,2140.jpg,1.0
2140,2141,2141.jpg,1.0
2142,2143,2143.jpg,1.0
2145,2146,2146.jpg,1.0
2146,2147,2147.jpg,1.0
2147,2148,2148.jpg,1.0
2148,2149,2149.jpg,0.0
2149,2150,2150.jpg,1.0
2150,2151,2151.jpg,1.0
2153,2154,2154.jpg,1.0
2155,2156,2156.jpg,1.0
2156,2157,2157.jpg,0.0
2157,2158,2158.jpg,0.0
2158,2159,2159.jpg,0.0
2159,2160,2160.jpg,1.0
2160,2161,2161.jpg,0.0
2161,2162,2162.jpg,0.0
2162,2163,2163.jpg,1.0
2164,2165,2165.jpg,1.0
2165,2166,2166.jpg,1.0
2166,2167,2167.jpg,0.0
2167,2168,2168.jpg,0.0
2168,2169,2169.jpg,1.0
2169,2170,2170.jpg,1.0
2170,2171,2171.jpg,0.0
2171,2172,2172.jpg,0.0
2172,2173,2173.jpg,0.0
2173,2174,2174.jpg,1.0
2174,2175,2175.jpg,1.0
2175,2176,2176.jpg,0.0
2176,2177,2177.jpg,1.0
2177,2178,2178.jpg,1.0
2178,2179,2179.jpg,0.0
2179,2180,2180.jpg,0.0
2180,2181,2181.jpg,1.0
2181,2182,2182.jpg,1.0
2182,2183,2183.jpg,1.0
2183,2184,2184.jpg,1.0
2184,2185,2185.jpg,0.0
2186,2187,2187.jpg,0.0
2187,2188,2188.jpg,1.0
2188,2189,2189.jpg,1.0
2189,2190,2190.jpg,1.0
2190,2191,2191.jpg,1.0
2191,2192,2192.jpg,0.0
2192,2193,2193.jpg,1.0
2193,2194,2194.jpg,1.0
2194,2195,2195.jpg,1.0
2195,2196,2196.jpg,1.0
2196,2197,2197.jpg,0.0
2197,2198,2198.jpg,1.0
2198,2199,2199.jpg,1.0
2199,2200,2200.jpg,1.0
2201,2202,2202.jpg,1.0
2203,2204,2204.jpg,1.0
2204,2205,2205.jpg,0.0
2205,2206,2206.jpg,0.0
2206,2207,2207.jpg,1.0
2207,2208,2208.jpg,0.0
2208,2209,2209.jpg,0.0
2210,2211,2211.jpg,1.0
2211,2212,2212.jpg,1.0
2212,2213,2213.jpg,1.0
2213,2214,2214.jpg,1.0
2214,2215,2215.jpg,1.0
2215,2216,2216.jpg,1.0
2216,2217,2217.jpg,1.0
2217,2218,2218.jpg,1.0
2219,2220,2220.jpg,1.0
2220,2221,2221.jpg,0.0
2221,2222,2222.jpg,0.0
2222,2223,2223.jpg,1.0
2224,2225,2225.jpg,1.0
2225,2226,2226.jpg,1.0
2226,2227,2227.jpg,1.0
2227,2228,2228.jpg,0.0
2228,2229,2229.jpg,1.0
2229,2230,2230.jpg,0.0
2231,2232,2232.jpg,1.0
2232,2233,2233.jpg,1.0
2233,2234,2234.jpg,0.0
2234,2235,2235.jpg,1.0
2235,2236,2236.jpg,1.0
2237,2238,2238.jpg,1.0
2238,2239,2239.jpg,1.0
2239,2240,2240.jpg,1.0
2240,2241,2241.jpg,0.0
2241,2242,2242.jpg,0.0
2242,2243,2243.jpg,0.0
2243,2244,2244.jpg,0.0
2244,2245,2245.jpg,0.0
2246,2247,2247.jpg,1.0
2247,2248,2248.jpg,0.0
2248,2249,2249.jpg,0.0
2249,2250,2250.jpg,0.0
2251,2252,2252.jpg,0.0
2252,2253,2253.jpg,1.0
2253,2254,2254.jpg,1.0
2254,2255,2255.jpg,1.0
2256,2257,2257.jpg,1.0
2257,2258,2258.jpg,0.0
2258,2259,2259.jpg,0.0
2259,2260,2260.jpg,0.0
2260,2261,2261.jpg,1.0
2261,2262,2262.jpg,0.0
2262,2263,2263.jpg,0.0
2263,2264,2264.jpg,0.0
2264,2265,2265.jpg,0.0
2265,2266,2266.jpg,0.0
2266,2267,2267.jpg,0.0
2267,2268,2268.jpg,0.0
2268,2269,2269.jpg,1.0
2269,2270,2270.jpg,1.0
2270,2271,2271.jpg,0.0
2274,2275,2275.jpg,0.0
2276,2277,2277.jpg,1.0
2279,2280,2280.jpg,1.0
2281,2282,2282.jpg,1.0
2282,2283,2283.jpg,1.0
2283,2284,2284.jpg,1.0
2284,2285,2285.jpg,0.0
2285,2286,2286.jpg,0.0
2286,2287,2287.jpg,1.0
2288,2289,2289.jpg,1.0
2289,2290,2290.jpg,1.0
2290,2291,2291.jpg,1.0
2291,2292,2292.jpg,0.0
2292,2293,2293.jpg,1.0
2293,2294,2294.jpg,1.0
2294,2295,2295.jpg,1.0
2295,2296,2296.jpg,0.0
2297,2298,2298.jpg,1.0
2299,2300,2300.jpg,1.0
2300,2301,2301.jpg,1.0
2301,2302,2302.jpg,0.0
2302,2303,2303.jpg,0.0
2303,2304,2304.jpg,1.0
2304,2305,2305.jpg,0.0
2305,2306,2306.jpg,1.0
2306,2307,2307.jpg,1.0
2307,2308,2308.jpg,1.0
2308,2309,2309.jpg,1.0
2309,2310,2310.jpg,0.0
2310,2311,2311.jpg,1.0
2311,2312,2312.jpg,1.0
2313,2314,2314.jpg,1.0
2314,2315,2315.jpg,0.0
2315,2316,2316.jpg,1.0
2316,2317,2317.jpg,1.0
2318,2319,2319.jpg,1.0
2319,2320,2320.jpg,1.0
2320,2321,2321.jpg,1.0
2321,2322,2322.jpg,1.0
2322,2323,2323.jpg,1.0
2323,2324,2324.jpg,1.0
2324,2325,2325.jpg,1.0
2325,2326,2326.jpg,1.0
2326,2327,2327.jpg,1.0
2327,2328,2328.jpg,0.0
2328,2329,2329.jpg,1.0
2329,2330,2330.jpg,1.0
2330,2331,2331.jpg,1.0
2331,2332,2332.jpg,0.0
2333,2334,2334.jpg,1.0
2334,2335,2335.jpg,1.0
2335,2336,2336.jpg,1.0
2336,2337,2337.jpg,1.0
2337,2338,2338.jpg,1.0
2339,2340,2340.jpg,1.0
2340,2341,2341.jpg,0.0
2341,2342,2342.jpg,0.0
2342,2343,2343.jpg,1.0
2343,2344,2344.jpg,1.0
2344,2345,2345.jpg,0.0
2346,2347,2347.jpg,1.0
2347,2348,2348.jpg,0.0
2348,2349,2349.jpg,1.0
2350,2351,2351.jpg,1.0
2351,2352,2352.jpg,0.0
2353,2354,2354.jpg,0.0
2354,2355,2355.jpg,0.0
2356,2357,2357.jpg,1.0
2357,2358,2358.jpg,1.0
2358,2359,2359.jpg,1.0
2359,2360,2360.jpg,1.0
2361,2362,2362.jpg,1.0
2363,2364,2364.jpg,0.0
2364,2365,2365.jpg,1.0
2365,2366,2366.jpg,1.0
2366,2367,2367.jpg,0.0
2368,2369,2369.jpg,1.0
2369,2370,2370.jpg,0.0
2370,2371,2371.jpg,0.0
2371,2372,2372.jpg,0.0
2372,2373,2373.jpg,0.0
2373,2374,2374.jpg,1.0
2374,2375,2375.jpg,0.0
2376,2377,2377.jpg,0.0
2377,2378,2378.jpg,1.0
2378,2379,2379.jpg,1.0
2380,2381,2381.jpg,1.0
2382,2383,2383.jpg,1.0
2383,2384,2384.jpg,0.0
2384,2385,2385.jpg,0.0
2385,2386,2386.jpg,1.0
2386,2387,2387.jpg,1.0
2387,2388,2388.jpg,0.0
2388,2389,2389.jpg,1.0
2389,2390,2390.jpg,1.0
2391,2392,2392.jpg,1.0
2392,2393,2393.jpg,0.0
2393,2394,2394.jpg,1.0
2394,2395,2395.jpg,1.0
2395,2396,2396.jpg,1.0
2396,2397,2397.jpg,1.0
2397,2398,2398.jpg,1.0
2398,2399,2399.jpg,0.0
2399,2400,2400.jpg,0.0
2400,2401,2401.jpg,1.0
2402,2403,2403.jpg,1.0
2404,2405,2405.jpg,1.0
2405,2406,2406.jpg,1.0
2406,2407,2407.jpg,0.0
2407,2408,2408.jpg,1.0
2408,2409,2409.jpg,1.0
2409,2410,2410.jpg,1.0
2410,2411,2411.jpg,1.0
2411,2412,2412.jpg,0.0
2412,2413,2413.jpg,1.0
2413,2414,2414.jpg,1.0
2414,2415,2415.jpg,0.0
2415,2416,2416.jpg,1.0
2417,2418,2418.jpg,1.0
2418,2419,2419.jpg,1.0
2419,2420,2420.jpg,1.0
2421,2422,2422.jpg,0.0
2422,2423,2423.jpg,1.0
2423,2424,2424.jpg,0.0
2424,2425,2425.jpg,1.0
2425,2426,2426.jpg,0.0
2426,2427,2427.jpg,1.0
2427,2428,2428.jpg,0.0
2428,2429,2429.jpg,1.0
2430,2431,2431.jpg,1.0
2431,2432,2432.jpg,1.0
2432,2433,2433.jpg,1.0
2433,2434,2434.jpg,0.0
2434,2435,2435.jpg,0.0
2435,2436,2436.jpg,1.0
2436,2437,2437.jpg,1.0
2437,2438,2438.jpg,0.0
2438,2439,2439.jpg,0.0
2439,2440,2440.jpg,1.0
2441,2442,2442.jpg,1.0
2442,2443,2443.jpg,1.0
2443,2444,2444.jpg,0.0
2444,2445,2445.jpg,1.0
2446,2447,2447.jpg,1.0
2447,2448,2448.jpg,1.0
2448,2449,2449.jpg,1.0
2449,2450,2450.jpg,1.0
2450,2451,2451.jpg,1.0
2451,2452,2452.jpg,1.0
2453,2454,2454.jpg,1.0
2454,2455,2455.jpg,0.0
2456,2457,2457.jpg,1.0
2457,2458,2458.jpg,0.0
2458,2459,2459.jpg,1.0
2459,2460,2460.jpg,1.0
2460,2461,2461.jpg,1.0
2461,2462,2462.jpg,1.0
2462,2463,2463.jpg,1.0
2465,2466,2466.jpg,1.0
2468,2469,2469.jpg,0.0
2469,2470,2470.jpg,1.0
2470,2471,2471.jpg,1.0
2475,2476,2476.jpg,1.0
2476,2477,2477.jpg,1.0
2477,2478,2478.jpg,0.0
2478,2479,2479.jpg,1.0
2480,2481,2481.jpg,1.0
2482,2483,2483.jpg,1.0
2483,2484,2484.jpg,1.0
2484,2485,2485.jpg,1.0
2485,2486,2486.jpg,1.0
2486,2487,2487.jpg,1.0
2487,2488,2488.jpg,0.0
2488,2489,2489.jpg,1.0
2490,2491,2491.jpg,1.0
2491,2492,2492.jpg,0.0
2492,2493,2493.jpg,0.0
2493,2494,2494.jpg,1.0
2494,2495,2495.jpg,1.0
2495,2496,2496.jpg,1.0
2496,2497,2497.jpg,0.0
2497,2498,2498.jpg,1.0
2499,2500,2500.jpg,1.0
2500,2501,2501.jpg,1.0
2501,2502,2502.jpg,1.0
2502,2503,2503.jpg,1.0
2503,2504,2504.jpg,0.0
2504,2505,2505.jpg,1.0
2505,2506,2506.jpg,1.0
2506,2507,2507.jpg,1.0
2507,2508,2508.jpg,1.0
2508,2509,2509.jpg,1.0
2509,2510,2510.jpg,1.0
2510,2511,2511.jpg,1.0
2511,2512,2512.jpg,0.0
2513,2514,2514.jpg,1.0
2514,2515,2515.jpg,0.0
2515,2516,2516.jpg,1.0
2516,2517,2517.jpg,1.0
2517,2518,2518.jpg,1.0
2518,2519,2519.jpg,1.0
2520,2521,2521.jpg,0.0
2521,2522,2522.jpg,1.0
2522,2523,2523.jpg,1.0
2523,2524,2524.jpg,1.0
2524,2525,2525.jpg,0.0
2525,2526,2526.jpg,1.0
2526,2527,2527.jpg,0.0
2527,2528,2528.jpg,0.0
2528,2529,2529.jpg,1.0
2529,2530,2530.jpg,1.0
2531,2532,2532.jpg,1.0
2533,2534,2534.jpg,0.0
2534,2535,2535.jpg,1.0
2535,2536,2536.jpg,1.0
2537,2538,2538.jpg,1.0
2538,2539,2539.jpg,0.0
2539,2540,2540.jpg,0.0
2540,2541,2541.jpg,1.0
2541,2542,2542.jpg,0.0
2542,2543,2543.jpg,1.0
2543,2544,2544.jpg,1.0
2545,2546,2546.jpg,0.0
2546,2547,2547.jpg,0.0
2547,2548,2548.jpg,1.0
2548,2549,2549.jpg,1.0
2549,2550,2550.jpg,0.0
2550,2551,2551.jpg,1.0
2551,2552,2552.jpg,0.0
2553,2554,2554.jpg,1.0
2554,2555,2555.jpg,0.0
2555,2556,2556.jpg,1.0
2556,2557,2557.jpg,1.0
2557,2558,2558.jpg,1.0
2558,2559,2559.jpg,0.0
2559,2560,2560.jpg,1.0
2560,2561,2561.jpg,1.0
2561,2562,2562.jpg,1.0
2562,2563,2563.jpg,1.0
2563,2564,2564.jpg,1.0
2564,2565,2565.jpg,1.0
2565,2566,2566.jpg,1.0
2566,2567,2567.jpg,1.0
2567,2568,2568.jpg,1.0
2569,2570,2570.jpg,0.0
2572,2573,2573.jpg,1.0
2575,2576,2576.jpg,1.0
2576,2577,2577.jpg,0.0
2577,2578,2578.jpg,1.0
2579,2580,2580.jpg,1.0
2580,2581,2581.jpg,1.0
2584,2585,2585.jpg,1.0
2585,2586,2586.jpg,1.0
2586,2587,2587.jpg,1.0
2587,2588,2588.jpg,0.0
2588,2589,2589.jpg,1.0
2589,2590,2590.jpg,1.0
2590,2591,2591.jpg,1.0
2591,2592,2592.jpg,1.0
2592,2593,2593.jpg,1.0
2593,2594,2594.jpg,1.0
2595,2596,2596.jpg,1.0
2598,2599,2599.jpg,0.0
2599,2600,2600.jpg,1.0
2600,2601,2601.jpg,1.0
2601,2602,2602.jpg,0.0
2602,2603,2603.jpg,0.0
2603,2604,2604.jpg,1.0
2604,2605,2605.jpg,0.0
2605,2606,2606.jpg,0.0
2606,2607,2607.jpg,0.0
2609,2610,2610.jpg,0.0
2610,2611,2611.jpg,0.0
2611,2612,2612.jpg,0.0
2614,2615,2615.jpg,0.0
2615,2616,2616.jpg,1.0
2616,2617,2617.jpg,1.0
2617,2618,2618.jpg,1.0
2618,2619,2619.jpg,1.0
2619,2620,2620.jpg,1.0
2620,2621,2621.jpg,1.0
2621,2622,2622.jpg,0.0
2622,2623,2623.jpg,0.0
2623,2624,2624.jpg,1.0
2626,2627,2627.jpg,1.0
2627,2628,2628.jpg,1.0
2628,2629,2629.jpg,1.0
2629,2630,2630.jpg,0.0
2630,2631,2631.jpg,1.0
2631,2632,2632.jpg,1.0
2632,2633,2633.jpg,1.0
2633,2634,2634.jpg,1.0
2634,2635,2635.jpg,0.0
2635,2636,2636.jpg,1.0
2636,2637,2637.jpg,1.0
2637,2638,2638.jpg,1.0
2638,2639,2639.jpg,1.0
2639,2640,2640.jpg,1.0
2640,2641,2641.jpg,0.0
2641,2642,2642.jpg,0.0
2642,2643,2643.jpg,1.0
2643,2644,2644.jpg,1.0
2644,2645,2645.jpg,1.0
2646,2647,2647.jpg,0.0
2647,2648,2648.jpg,0.0
2648,2649,2649.jpg,1.0
2650,2651,2651.jpg,1.0
2651,2652,2652.jpg,1.0
2652,2653,2653.jpg,1.0
2653,2654,2654.jpg,0.0
2654,2655,2655.jpg,1.0
2656,2657,2657.jpg,1.0
2657,2658,2658.jpg,1.0
2658,2659,2659.jpg,1.0
2659,2660,2660.jpg,1.0
2660,2661,2661.jpg,1.0
2661,2662,2662.jpg,0.0
2662,2663,2663.jpg,1.0
2663,2664,2664.jpg,1.0
2664,2665,2665.jpg,0.0
2665,2666,2666.jpg,1.0
2666,2667,2667.jpg,1.0
2667,2668,2668.jpg,1.0
2668,2669,2669.jpg,1.0
2670,2671,2671.jpg,1.0
2671,2672,2672.jpg,1.0
2672,2673,2673.jpg,1.0
2673,2674,2674.jpg,0.0
2674,2675,2675.jpg,1.0
2676,2677,2677.jpg,1.0
2677,2678,2678.jpg,0.0
2678,2679,2679.jpg,0.0
2679,2680,2680.jpg,0.0
2680,2681,2681.jpg,0.0
2681,2682,2682.jpg,1.0
2682,2683,2683.jpg,1.0
2684,2685,2685.jpg,1.0
2685,2686,2686.jpg,1.0
2686,2687,2687.jpg,1.0
2687,2688,2688.jpg,1.0
2688,2689,2689.jpg,1.0
2690,2691,2691.jpg,0.0
2693,2694,2694.jpg,1.0
2694,2695,2695.jpg,0.0
2695,2696,2696.jpg,1.0
2697,2698,2698.jpg,1.0
2698,2699,2699.jpg,1.0
2699,2700,2700.jpg,1.0
2700,2701,2701.jpg,1.0
2701,2702,2702.jpg,1.0
2702,2703,2703.jpg,0.0
2704,2705,2705.jpg,0.0
2705,2706,2706.jpg,1.0
2707,2708,2708.jpg,1.0
2708,2709,2709.jpg,1.0
2709,2710,2710.jpg,0.0
2710,2711,2711.jpg,0.0
2711,2712,2712.jpg,1.0
2712,2713,2713.jpg,1.0
2713,2714,2714.jpg,0.0
2714,2715,2715.jpg,1.0
2715,2716,2716.jpg,1.0
2716,2717,2717.jpg,0.0
2717,2718,2718.jpg,1.0
2718,2719,2719.jpg,1.0
2720,2721,2721.jpg,1.0
2721,2722,2722.jpg,1.0
2722,2723,2723.jpg,1.0
2723,2724,2724.jpg,0.0
2724,2725,2725.jpg,1.0
2725,2726,2726.jpg,1.0
2726,2727,2727.jpg,1.0
2727,2728,2728.jpg,0.0
2728,2729,2729.jpg,1.0
2729,2730,2730.jpg,1.0
2730,2731,2731.jpg,1.0
2732,2733,2733.jpg,1.0
2733,2734,2734.jpg,1.0
2734,2735,2735.jpg,1.0
2735,2736,2736.jpg,1.0
2736,2737,2737.jpg,0.0
2737,2738,2738.jpg,1.0
2738,2739,2739.jpg,1.0
2739,2740,2740.jpg,0.0
2740,2741,2741.jpg,1.0
2742,2743,2743.jpg,1.0
2743,2744,2744.jpg,1.0
2744,2745,2745.jpg,0.0
2745,2746,2746.jpg,1.0
2746,2747,2747.jpg,1.0
2747,2748,2748.jpg,0.0
2748,2749,2749.jpg,1.0
2749,2750,2750.jpg,1.0
2750,2751,2751.jpg,0.0
2751,2752,2752.jpg,0.0
2752,2753,2753.jpg,1.0
2753,2754,2754.jpg,0.0
2754,2755,2755.jpg,1.0
2755,2756,2756.jpg,1.0
2756,2757,2757.jpg,0.0
2759,2760,2760.jpg,1.0
2760,2761,2761.jpg,1.0
2761,2762,2762.jpg,1.0
2762,2763,2763.jpg,0.0
2763,2764,2764.jpg,1.0
2765,2766,2766.jpg,1.0
2767,2768,2768.jpg,1.0
2768,2769,2769.jpg,0.0
2769,2770,2770.jpg,0.0
2770,2771,2771.jpg,1.0
2771,2772,2772.jpg,1.0
2772,2773,2773.jpg,0.0
2773,2774,2774.jpg,0.0
2774,2775,2775.jpg,1.0
2775,2776,2776.jpg,1.0
2776,2777,2777.jpg,1.0
2778,2779,2779.jpg,1.0
2780,2781,2781.jpg,1.0
2781,2782,2782.jpg,1.0
2782,2783,2783.jpg,0.0
2783,2784,2784.jpg,0.0
2784,2785,2785.jpg,1.0
2785,2786,2786.jpg,0.0
2786,2787,2787.jpg,1.0
2787,2788,2788.jpg,1.0
2788,2789,2789.jpg,1.0
2789,2790,2790.jpg,0.0
2790,2791,2791.jpg,1.0
2791,2792,2792.jpg,1.0
2792,2793,2793.jpg,0.0
2793,2794,2794.jpg,0.0
2794,2795,2795.jpg,0.0
2795,2796,2796.jpg,0.0
2796,2797,2797.jpg,0.0
2797,2798,2798.jpg,0.0
2798,2799,2799.jpg,1.0
2799,2800,2800.jpg,1.0
2800,2801,2801.jpg,1.0
2801,2802,2802.jpg,0.0
2802,2803,2803.jpg,0.0
2803,2804,2804.jpg,0.0
2804,2805,2805.jpg,0.0
2805,2806,2806.jpg,1.0
2807,2808,2808.jpg,1.0
2809,2810,2810.jpg,1.0
2810,2811,2811.jpg,1.0
2811,2812,2812.jpg,0.0
2812,2813,2813.jpg,1.0
2813,2814,2814.jpg,1.0
2815,2816,2816.jpg,1.0
2816,2817,2817.jpg,1.0
2817,2818,2818.jpg,1.0
2818,2819,2819.jpg,0.0
2819,2820,2820.jpg,1.0
2820,2821,2821.jpg,1.0
2821,2822,2822.jpg,0.0
2823,2824,2824.jpg,0.0
2825,2826,2826.jpg,0.0
2827,2828,2828.jpg,1.0
2828,2829,2829.jpg,0.0
2829,2830,2830.jpg,0.0
2830,2831,2831.jpg,0.0
2831,2832,2832.jpg,1.0
2832,2833,2833.jpg,0.0
2833,2834,2834.jpg,1.0
2834,2835,2835.jpg,1.0
2835,2836,2836.jpg,0.0
2836,2837,2837.jpg,0.0
2837,2838,2838.jpg,1.0
2838,2839,2839.jpg,1.0
2839,2840,2840.jpg,0.0
2840,2841,2841.jpg,1.0
2841,2842,2842.jpg,1.0
2842,2843,2843.jpg,0.0
2843,2844,2844.jpg,1.0
2844,2845,2845.jpg,1.0
2845,2846,2846.jpg,0.0
2847,2848,2848.jpg,1.0
2848,2849,2849.jpg,1.0
2849,2850,2850.jpg,1.0
2850,2851,2851.jpg,0.0
2852,2853,2853.jpg,1.0
2853,2854,2854.jpg,1.0
2854,2855,2855.jpg,1.0
2855,2856,2856.jpg,0.0
2856,2857,2857.jpg,1.0
2857,2858,2858.jpg,1.0
2859,2860,2860.jpg,1.0
2860,2861,2861.jpg,0.0
2861,2862,2862.jpg,1.0
2862,2863,2863.jpg,0.0
2863,2864,2864.jpg,0.0
2864,2865,2865.jpg,1.0
2866,2867,2867.jpg,1.0
2867,2868,2868.jpg,0.0
2868,2869,2869.jpg,1.0
2869,2870,2870.jpg,1.0
2871,2872,2872.jpg,0.0
2872,2873,2873.jpg,1.0
2874,2875,2875.jpg,1.0
2875,2876,2876.jpg,1.0
2876,2877,2877.jpg,0.0
2877,2878,2878.jpg,1.0
2878,2879,2879.jpg,1.0
2879,2880,2880.jpg,1.0
2880,2881,2881.jpg,0.0
2881,2882,2882.jpg,1.0
2882,2883,2883.jpg,0.0
2883,2884,2884.jpg,1.0
2884,2885,2885.jpg,0.0
2885,2886,2886.jpg,1.0
2886,2887,2887.jpg,0.0
2887,2888,2888.jpg,0.0
2888,2889,2889.jpg,1.0
2889,2890,2890.jpg,1.0
2890,2891,2891.jpg,1.0
2892,2893,2893.jpg,1.0
2893,2894,2894.jpg,0.0
2894,2895,2895.jpg,1.0
2895,2896,2896.jpg,0.0
2896,2897,2897.jpg,1.0
2897,2898,2898.jpg,1.0
2898,2899,2899.jpg,1.0
2899,2900,2900.jpg,1.0
2900,2901,2901.jpg,1.0
2901,2902,2902.jpg,1.0
2902,2903,2903.jpg,1.0
2903,2904,2904.jpg,1.0
2904,2905,2905.jpg,1.0
2905,2906,2906.jpg,1.0
2906,2907,2907.jpg,1.0
2907,2908,2908.jpg,1.0
2908,2909,2909.jpg,1.0
2909,2910,2910.jpg,1.0
2910,2911,2911.jpg,1.0
2911,2912,2912.jpg,0.0
2912,2913,2913.jpg,1.0
2913,2914,2914.jpg,1.0
2914,2915,2915.jpg,1.0
2915,2916,2916.jpg,1.0
2916,2917,2917.jpg,1.0
2917,2918,2918.jpg,1.0
2918,2919,2919.jpg,1.0
2919,2920,2920.jpg,0.0
2922,2923,2923.jpg,1.0
2923,2924,2924.jpg,1.0
2924,2925,2925.jpg,0.0
2925,2926,2926.jpg,1.0
2926,2927,2927.jpg,1.0
2927,2928,2928.jpg,1.0
2928,2929,2929.jpg,0.0
2930,2931,2931.jpg,0.0
2931,2932,2932.jpg,1.0
2932,2933,2933.jpg,1.0
2934,2935,2935.jpg,1.0
2935,2936,2936.jpg,1.0
2936,2937,2937.jpg,0.0
2937,2938,2938.jpg,1.0
2938,2939,2939.jpg,1.0
2939,2940,2940.jpg,1.0
2940,2941,2941.jpg,1.0
2941,2942,2942.jpg,0.0
2942,2943,2943.jpg,1.0
2943,2944,2944.jpg,1.0
2944,2945,2945.jpg,0.0
2945,2946,2946.jpg,1.0
2946,2947,2947.jpg,1.0
2947,2948,2948.jpg,1.0
2948,2949,2949.jpg,1.0
2949,2950,2950.jpg,1.0
2950,2951,2951.jpg,1.0
2951,2952,2952.jpg,1.0
2952,2953,2953.jpg,0.0
2953,2954,2954.jpg,0.0
2954,2955,2955.jpg,0.0
2956,2957,2957.jpg,0.0
2957,2958,2958.jpg,1.0
2958,2959,2959.jpg,1.0
2960,2961,2961.jpg,1.0
2961,2962,2962.jpg,0.0
2962,2963,2963.jpg,1.0
2964,2965,2965.jpg,1.0
2965,2966,2966.jpg,1.0
2966,2967,2967.jpg,1.0
2967,2968,2968.jpg,1.0
2968,2969,2969.jpg,1.0
2973,2974,2974.jpg,0.0
2974,2975,2975.jpg,0.0
2975,2976,2976.jpg,1.0
2976,2977,2977.jpg,1.0
2977,2978,2978.jpg,1.0
2978,2979,2979.jpg,1.0
2979,2980,2980.jpg,1.0
2980,2981,2981.jpg,1.0
2981,2982,2982.jpg,0.0
2982,2983,2983.jpg,0.0
2983,2984,2984.jpg,0.0
2984,2985,2985.jpg,0.0
2985,2986,2986.jpg,0.0
2986,2987,2987.jpg,1.0
2987,2988,2988.jpg,0.0
2988,2989,2989.jpg,0.0
2989,2990,2990.jpg,1.0
2990,2991,2991.jpg,0.0
2992,2993,2993.jpg,1.0
2993,2994,2994.jpg,1.0
2994,2995,2995.jpg,1.0
2995,2996,2996.jpg,1.0
2996,2997,2997.jpg,1.0
2997,2998,2998.jpg,1.0
2998,2999,2999.jpg,1.0
2999,3000,3000.jpg,0.0
3000,3001,3001.jpg,0.0
3001,3002,3002.jpg,0.0
3002,3003,3003.jpg,0.0
3003,3004,3004.jpg,0.0
3004,3005,3005.jpg,1.0
3005,3006,3006.jpg,1.0
3006,3007,3007.jpg,0.0
3007,3008,3008.jpg,1.0
3008,3009,3009.jpg,0.0
3009,3010,3010.jpg,0.0
3010,3011,3011.jpg,0.0
3011,3012,3012.jpg,1.0
3012,3013,3013.jpg,1.0
3013,3014,3014.jpg,0.0
3014,3015,3015.jpg,1.0
3015,3016,3016.jpg,1.0
3017,3018,3018.jpg,1.0
3018,3019,3019.jpg,0.0
3019,3020,3020.jpg,1.0
3020,3021,3021.jpg,1.0
3021,3022,3022.jpg,1.0
3022,3023,3023.jpg,1.0
3024,3025,3025.jpg,1.0
3026,3027,3027.jpg,1.0
3027,3028,3028.jpg,1.0
3028,3029,3029.jpg,1.0
3029,3030,3030.jpg,0.0
3030,3031,3031.jpg,0.0
3031,3032,3032.jpg,1.0
3032,3033,3033.jpg,0.0
3033,3034,3034.jpg,0.0
3034,3035,3035.jpg,1.0
3035,3036,3036.jpg,1.0
3036,3037,3037.jpg,1.0
3038,3039,3039.jpg,0.0
3039,3040,3040.jpg,1.0
3040,3041,3041.jpg,1.0
3042,3043,3043.jpg,1.0
3044,3045,3045.jpg,1.0
3045,3046,3046.jpg,0.0
3046,3047,3047.jpg,0.0
3048,3049,3049.jpg,0.0
3050,3051,3051.jpg,1.0
3051,3052,3052.jpg,1.0
3053,3054,3054.jpg,1.0
3054,3055,3055.jpg,1.0
3057,3058,3058.jpg,1.0
3058,3059,3059.jpg,1.0
3059,3060,3060.jpg,1.0
3060,3061,3061.jpg,0.0
3061,3062,3062.jpg,1.0
3062,3063,3063.jpg,1.0
3063,3064,3064.jpg,0.0
3064,3065,3065.jpg,1.0
3065,3066,3066.jpg,1.0
3066,3067,3067.jpg,1.0
3067,3068,3068.jpg,0.0
3068,3069,3069.jpg,1.0
3069,3070,3070.jpg,0.0
3070,3071,3071.jpg,0.0
3071,3072,3072.jpg,0.0
3072,3073,3073.jpg,1.0
3073,3074,3074.jpg,1.0
3074,3075,3075.jpg,1.0
3075,3076,3076.jpg,1.0
3076,3077,3077.jpg,1.0
3077,3078,3078.jpg,0.0
3078,3079,3079.jpg,0.0
3079,3080,3080.jpg,1.0
3080,3081,3081.jpg,1.0
3081,3082,3082.jpg,1.0
3082,3083,3083.jpg,0.0
3083,3084,3084.jpg,1.0
3085,3086,3086.jpg,1.0
3086,3087,3087.jpg,1.0
3088,3089,3089.jpg,1.0
3089,3090,3090.jpg,1.0
3090,3091,3091.jpg,1.0
3091,3092,3092.jpg,1.0
3092,3093,3093.jpg,1.0
3093,3094,3094.jpg,1.0
3094,3095,3095.jpg,0.0
3096,3097,3097.jpg,1.0
3098,3099,3099.jpg,0.0
3100,3101,3101.jpg,0.0
3101,3102,3102.jpg,1.0
3102,3103,3103.jpg,1.0
3103,3104,3104.jpg,1.0
3104,3105,3105.jpg,1.0
3105,3106,3106.jpg,1.0
3106,3107,3107.jpg,1.0
3107,3108,3108.jpg,1.0
3108,3109,3109.jpg,1.0
3109,3110,3110.jpg,1.0
3110,3111,3111.jpg,0.0
3111,3112,3112.jpg,1.0
3112,3113,3113.jpg,1.0
3113,3114,3114.jpg,1.0
3114,3115,3115.jpg,1.0
3115,3116,3116.jpg,1.0
3116,3117,3117.jpg,0.0
3117,3118,3118.jpg,1.0
3118,3119,3119.jpg,0.0
3119,3120,3120.jpg,1.0
3120,3121,3121.jpg,0.0
3121,3122,3122.jpg,1.0
3122,3123,3123.jpg,0.0
3123,3124,3124.jpg,1.0
3124,3125,3125.jpg,1.0
3126,3127,3127.jpg,1.0
3127,3128,3128.jpg,1.0
3128,3129,3129.jpg,0.0
3129,3130,3130.jpg,0.0
3131,3132,3132.jpg,1.0
3132,3133,3133.jpg,0.0
3133,3134,3134.jpg,0.0
3134,3135,3135.jpg,1.0
3135,3136,3136.jpg,1.0
3136,3137,3137.jpg,1.0
3138,3139,3139.jpg,1.0
3139,3140,3140.jpg,1.0
3140,3141,3141.jpg,1.0
3141,3142,3142.jpg,0.0
3144,3145,3145.jpg,1.0
3146,3147,3147.jpg,1.0
3147,3148,3148.jpg,0.0
3149,3150,3150.jpg,0.0
3151,3152,3152.jpg,1.0
3152,3153,3153.jpg,0.0
3153,3154,3154.jpg,1.0
3154,3155,3155.jpg,0.0
3156,3157,3157.jpg,1.0
3158,3159,3159.jpg,1.0
3159,3160,3160.jpg,1.0
3160,3161,3161.jpg,0.0
3161,3162,3162.jpg,0.0
3162,3163,3163.jpg,1.0
3164,3165,3165.jpg,0.0
3165,3166,3166.jpg,0.0
3166,3167,3167.jpg,1.0
3167,3168,3168.jpg,1.0
3168,3169,3169.jpg,1.0
3169,3170,3170.jpg,1.0
3170,3171,3171.jpg,0.0
3172,3173,3173.jpg,1.0
3173,3174,3174.jpg,0.0
3174,3175,3175.jpg,1.0
3175,3176,3176.jpg,1.0
3176,3177,3177.jpg,1.0
3177,3178,3178.jpg,0.0
3178,3179,3179.jpg,0.0
3179,3180,3180.jpg,1.0
3180,3181,3181.jpg,0.0
3181,3182,3182.jpg,1.0
3182,3183,3183.jpg,0.0
3183,3184,3184.jpg,0.0
3184,3185,3185.jpg,0.0
3186,3187,3187.jpg,1.0
3188,3189,3189.jpg,1.0
3189,3190,3190.jpg,1.0
3191,3192,3192.jpg,0.0
3192,3193,3193.jpg,1.0
3193,3194,3194.jpg,0.0
3194,3195,3195.jpg,0.0
3195,3196,3196.jpg,1.0
3196,3197,3197.jpg,1.0
3197,3198,3198.jpg,0.0
3198,3199,3199.jpg,1.0
3201,3202,3202.jpg,1.0
3202,3203,3203.jpg,1.0
3203,3204,3204.jpg,1.0
3204,3205,3205.jpg,1.0
3205,3206,3206.jpg,0.0
3207,3208,3208.jpg,0.0
3208,3209,3209.jpg,1.0
3210,3211,3211.jpg,0.0
3211,3212,3212.jpg,0.0
3212,3213,3213.jpg,1.0
3213,3214,3214.jpg,0.0
3216,3217,3217.jpg,1.0
3217,3218,3218.jpg,1.0
3218,3219,3219.jpg,0.0
3219,3220,3220.jpg,1.0
3220,3221,3221.jpg,1.0
3221,3222,3222.jpg,1.0
3222,3223,3223.jpg,1.0
3223,3224,3224.jpg,0.0
3225,3226,3226.jpg,0.0
3226,3227,3227.jpg,1.0
3227,3228,3228.jpg,1.0
3228,3229,3229.jpg,1.0
3230,3231,3231.jpg,0.0
3231,3232,3232.jpg,1.0
3232,3233,3233.jpg,0.0
3233,3234,3234.jpg,1.0
3235,3236,3236.jpg,1.0
3236,3237,3237.jpg,1.0
3237,3238,3238.jpg,1.0
3238,3239,3239.jpg,0.0
3239,3240,3240.jpg,1.0
3240,3241,3241.jpg,1.0
3241,3242,3242.jpg,1.0
3242,3243,3243.jpg,1.0
3243,3244,3244.jpg,1.0
3244,3245,3245.jpg,1.0
3245,3246,3246.jpg,0.0
3246,3247,3247.jpg,0.0
3247,3248,3248.jpg,0.0
3249,3250,3250.jpg,1.0
3250,3251,3251.jpg,1.0
3251,3252,3252.jpg,0.0
3253,3254,3254.jpg,1.0
3254,3255,3255.jpg,1.0
3255,3256,3256.jpg,1.0
3257,3258,3258.jpg,1.0
3258,3259,3259.jpg,0.0
3259,3260,3260.jpg,0.0
3260,3261,3261.jpg,1.0
3261,3262,3262.jpg,0.0
3262,3263,3263.jpg,1.0
3263,3264,3264.jpg,1.0
3266,3267,3267.jpg,0.0
3268,3269,3269.jpg,1.0
3269,3270,3270.jpg,0.0
3270,3271,3271.jpg,1.0
3271,3272,3272.jpg,0.0
3272,3273,3273.jpg,1.0
3273,3274,3274.jpg,0.0
3275,3276,3276.jpg,1.0
3276,3277,3277.jpg,0.0
3277,3278,3278.jpg,1.0
3278,3279,3279.jpg,1.0
3279,3280,3280.jpg,0.0
3282,3283,3283.jpg,1.0
3283,3284,3284.jpg,1.0
3284,3285,3285.jpg,1.0
3285,3286,3286.jpg,1.0
3286,3287,3287.jpg,1.0
3287,3288,3288.jpg,0.0
3288,3289,3289.jpg,1.0
3289,3290,3290.jpg,1.0
3290,3291,3291.jpg,1.0
3291,3292,3292.jpg,0.0
3292,3293,3293.jpg,1.0
3294,3295,3295.jpg,1.0
3295,3296,3296.jpg,1.0
3296,3297,3297.jpg,1.0
3297,3298,3298.jpg,0.0
3298,3299,3299.jpg,0.0
3299,3300,3300.jpg,1.0
3300,3301,3301.jpg,1.0
3301,3302,3302.jpg,0.0
3303,3304,3304.jpg,1.0
3304,3305,3305.jpg,0.0
3305,3306,3306.jpg,0.0
3306,3307,3307.jpg,1.0
3307,3308,3308.jpg,1.0
3308,3309,3309.jpg,1.0
3311,3312,3312.jpg,1.0
3312,3313,3313.jpg,0.0
3313,3314,3314.jpg,0.0
3314,3315,3315.jpg,1.0
3315,3316,3316.jpg,1.0
3316,3317,3317.jpg,1.0
3318,3319,3319.jpg,0.0
3319,3320,3320.jpg,0.0
3320,3321,3321.jpg,0.0
3321,3322,3322.jpg,0.0
3322,3323,3323.jpg,0.0
3323,3324,3324.jpg,0.0
3326,3327,3327.jpg,1.0
3327,3328,3328.jpg,1.0
3328,3329,3329.jpg,1.0
3329,3330,3330.jpg,1.0
3330,3331,3331.jpg,1.0
3331,3332,3332.jpg,1.0
3332,3333,3333.jpg,1.0
3333,3334,3334.jpg,0.0
3334,3335,3335.jpg,1.0
3335,3336,3336.jpg,1.0
3336,3337,3337.jpg,1.0
3337,3338,3338.jpg,1.0
3339,3340,3340.jpg,1.0
3340,3341,3341.jpg,0.0
3341,3342,3342.jpg,1.0
3342,3343,3343.jpg,1.0
3343,3344,3344.jpg,1.0
3344,3345,3345.jpg,1.0
3346,3347,3347.jpg,1.0
3347,3348,3348.jpg,1.0
3348,3349,3349.jpg,1.0
3349,3350,3350.jpg,1.0
3351,3352,3352.jpg,1.0
3352,3353,3353.jpg,0.0
3353,3354,3354.jpg,0.0
3354,3355,3355.jpg,1.0
3355,3356,3356.jpg,1.0
3356,3357,3357.jpg,1.0
3357,3358,3358.jpg,1.0
3358,3359,3359.jpg,1.0
3359,3360,3360.jpg,1.0
3360,3361,3361.jpg,0.0
3361,3362,3362.jpg,1.0
3362,3363,3363.jpg,1.0
3363,3364,3364.jpg,1.0
3364,3365,3365.jpg,1.0
3365,3366,3366.jpg,0.0
3366,3367,3367.jpg,1.0
3367,3368,3368.jpg,1.0
3368,3369,3369.jpg,1.0
3369,3370,3370.jpg,1.0
3370,3371,3371.jpg,1.0
3372,3373,3373.jpg,1.0
3373,3374,3374.jpg,1.0
3374,3375,3375.jpg,1.0
3377,3378,3378.jpg,0.0
3378,3379,3379.jpg,1.0
3379,3380,3380.jpg,1.0
3380,3381,3381.jpg,1.0
3382,3383,3383.jpg,1.0
3383,3384,3384.jpg,0.0
3384,3385,3385.jpg,1.0
3385,3386,3386.jpg,0.0
3386,3387,3387.jpg,0.0
3387,3388,3388.jpg,1.0
3388,3389,3389.jpg,1.0
3389,3390,3390.jpg,1.0
3390,3391,3391.jpg,0.0
3391,3392,3392.jpg,1.0
3392,3393,3393.jpg,1.0
3394,3395,3395.jpg,1.0
3396,3397,3397.jpg,1.0
3397,3398,3398.jpg,0.0
3398,3399,3399.jpg,1.0
3401,3402,3402.jpg,1.0
3402,3403,3403.jpg,0.0
3403,3404,3404.jpg,1.0
3404,3405,3405.jpg,0.0
3405,3406,3406.jpg,1.0
3407,3408,3408.jpg,1.0
3408,3409,3409.jpg,0.0
3409,3410,3410.jpg,1.0
3410,3411,3411.jpg,0.0
3412,3413,3413.jpg,1.0
3413,3414,3414.jpg,1.0
3414,3415,3415.jpg,1.0
3415,3416,3416.jpg,0.0
3417,3418,3418.jpg,1.0
3418,3419,3419.jpg,1.0
3419,3420,3420.jpg,1.0
3420,3421,3421.jpg,1.0
3421,3422,3422.jpg,1.0
3422,3423,3423.jpg,0.0
3423,3424,3424.jpg,0.0
3424,3425,3425.jpg,0.0
3426,3427,3427.jpg,1.0
3427,3428,3428.jpg,0.0
3428,3429,3429.jpg,1.0
3429,3430,3430.jpg,1.0
3430,3431,3431.jpg,1.0
3431,3432,3432.jpg,1.0
3432,3433,3433.jpg,0.0
3434,3435,3435.jpg,1.0
3435,3436,3436.jpg,1.0
3436,3437,3437.jpg,1.0
3439,3440,3440.jpg,0.0
3440,3441,3441.jpg,1.0
3441,3442,3442.jpg,1.0
3442,3443,3443.jpg,1.0
3443,3444,3444.jpg,1.0
3445,3446,3446.jpg,0.0
3446,3447,3447.jpg,0.0
3447,3448,3448.jpg,1.0
3448,3449,3449.jpg,1.0
3449,3450,3450.jpg,1.0
3450,3451,3451.jpg,1.0
3451,3452,3452.jpg,1.0
3452,3453,3453.jpg,0.0
3453,3454,3454.jpg,1.0
3454,3455,3455.jpg,1.0
3455,3456,3456.jpg,0.0
3457,3458,3458.jpg,0.0
3458,3459,3459.jpg,0.0
3460,3461,3461.jpg,1.0
3461,3462,3462.jpg,1.0
3462,3463,3463.jpg,1.0
3463,3464,3464.jpg,1.0
3464,3465,3465.jpg,1.0
3467,3468,3468.jpg,1.0
3471,3472,3472.jpg,1.0
3472,3473,3473.jpg,1.0
3473,3474,3474.jpg,1.0
3476,3477,3477.jpg,0.0
3477,3478,3478.jpg,1.0
3478,3479,3479.jpg,1.0
3479,3480,3480.jpg,1.0
3480,3481,3481.jpg,1.0
3483,3484,3484.jpg,0.0
3484,3485,3485.jpg,1.0
3485,3486,3486.jpg,0.0
3486,3487,3487.jpg,0.0
3487,3488,3488.jpg,1.0
3491,3492,3492.jpg,0.0
3493,3494,3494.jpg,1.0
3494,3495,3495.jpg,1.0
3499,3500,3500.jpg,0.0
3500,3501,3501.jpg,1.0
3501,3502,3502.jpg,0.0
3502,3503,3503.jpg,0.0
3504,3505,3505.jpg,0.0
3505,3506,3506.jpg,0.0
3506,3507,3507.jpg,0.0
3507,3508,3508.jpg,1.0
3509,3510,3510.jpg,1.0
3510,3511,3511.jpg,0.0
3511,3512,3512.jpg,1.0
3512,3513,3513.jpg,1.0
3514,3515,3515.jpg,0.0
3515,3516,3516.jpg,1.0
3516,3517,3517.jpg,1.0
3517,3518,3518.jpg,1.0
3518,3519,3519.jpg,1.0
3519,3520,3520.jpg,0.0
3520,3521,3521.jpg,1.0
3521,3522,3522.jpg,1.0
3522,3523,3523.jpg,1.0
3525,3526,3526.jpg,1.0
3526,3527,3527.jpg,1.0
3527,3528,3528.jpg,1.0
3528,3529,3529.jpg,1.0
3530,3531,3531.jpg,1.0
3531,3532,3532.jpg,1.0
3532,3533,3533.jpg,1.0
3533,3534,3534.jpg,1.0
3534,3535,3535.jpg,0.0
3535,3536,3536.jpg,1.0
3536,3537,3537.jpg,0.0
3537,3538,3538.jpg,0.0
3538,3539,3539.jpg,1.0
3540,3541,3541.jpg,1.0
3542,3543,3543.jpg,1.0
3543,3544,3544.jpg,0.0
3544,3545,3545.jpg,0.0
3545,3546,3546.jpg,1.0
3546,3547,3547.jpg,0.0
3547,3548,3548.jpg,1.0
3548,3549,3549.jpg,0.0
3549,3550,3550.jpg,1.0
3551,3552,3552.jpg,1.0
3552,3553,3553.jpg,0.0
3554,3555,3555.jpg,1.0
3555,3556,3556.jpg,0.0
3556,3557,3557.jpg,1.0
3557,3558,3558.jpg,0.0
3559,3560,3560.jpg,0.0
3560,3561,3561.jpg,1.0
3561,3562,3562.jpg,0.0
3562,3563,3563.jpg,1.0
3563,3564,3564.jpg,1.0
3565,3566,3566.jpg,1.0
3566,3567,3567.jpg,1.0
3567,3568,3568.jpg,1.0
3568,3569,3569.jpg,1.0
3569,3570,3570.jpg,0.0
3570,3571,3571.jpg,0.0
3571,3572,3572.jpg,0.0
3573,3574,3574.jpg,1.0
3575,3576,3576.jpg,0.0
3576,3577,3577.jpg,1.0
3577,3578,3578.jpg,0.0
3578,3579,3579.jpg,1.0
3579,3580,3580.jpg,1.0
3581,3582,3582.jpg,0.0
3582,3583,3583.jpg,1.0
3584,3585,3585.jpg,1.0
3585,3586,3586.jpg,1.0
3586,3587,3587.jpg,1.0
3587,3588,3588.jpg,1.0
3588,3589,3589.jpg,1.0
3589,3590,3590.jpg,1.0
3590,3591,3591.jpg,0.0
3591,3592,3592.jpg,1.0
3592,3593,3593.jpg,0.0
3593,3594,3594.jpg,1.0
3594,3595,3595.jpg,1.0
3595,3596,3596.jpg,1.0
3596,3597,3597.jpg,0.0
3597,3598,3598.jpg,1.0
3598,3599,3599.jpg,0.0
3599,3600,3600.jpg,1.0
3600,3601,3601.jpg,1.0
3601,3602,3602.jpg,1.0
3602,3603,3603.jpg,1.0
3603,3604,3604.jpg,1.0
3606,3607,3607.jpg,1.0
3607,3608,3608.jpg,1.0
3609,3610,3610.jpg,1.0
3610,3611,3611.jpg,1.0
3611,3612,3612.jpg,1.0
3612,3613,3613.jpg,1.0
3613,3614,3614.jpg,1.0
3614,3615,3615.jpg,0.0
3615,3616,3616.jpg,1.0
3616,3617,3617.jpg,1.0
3617,3618,3618.jpg,1.0
3620,3621,3621.jpg,1.0
3621,3622,3622.jpg,0.0
3622,3623,3623.jpg,1.0
3624,3625,3625.jpg,1.0
3625,3626,3626.jpg,0.0
3626,3627,3627.jpg,1.0
3627,3628,3628.jpg,0.0
3628,3629,3629.jpg,1.0
3629,3630,3630.jpg,1.0
3630,3631,3631.jpg,1.0
3631,3632,3632.jpg,1.0
3632,3633,3633.jpg,1.0
3633,3634,3634.jpg,1.0
3635,3636,3636.jpg,1.0
3636,3637,3637.jpg,1.0
3637,3638,3638.jpg,1.0
3638,3639,3639.jpg,1.0
3639,3640,3640.jpg,1.0
3640,3641,3641.jpg,1.0
3641,3642,3642.jpg,0.0
3642,3643,3643.jpg,0.0
3643,3644,3644.jpg,1.0
3644,3645,3645.jpg,0.0
3645,3646,3646.jpg,0.0
3646,3647,3647.jpg,1.0
3647,3648,3648.jpg,1.0
3648,3649,3649.jpg,0.0
3649,3650,3650.jpg,1.0
3650,3651,3651.jpg,1.0
3651,3652,3652.jpg,1.0
3652,3653,3653.jpg,1.0
3654,3655,3655.jpg,1.0
3655,3656,3656.jpg,1.0
3656,3657,3657.jpg,1.0
3657,3658,3658.jpg,1.0
3659,3660,3660.jpg,1.0
3661,3662,3662.jpg,0.0
3662,3663,3663.jpg,1.0
3663,3664,3664.jpg,1.0
3664,3665,3665.jpg,1.0
3665,3666,3666.jpg,1.0
3666,3667,3667.jpg,0.0
3667,3668,3668.jpg,1.0
3668,3669,3669.jpg,1.0
3669,3670,3670.jpg,1.0
3670,3671,3671.jpg,0.0
3671,3672,3672.jpg,1.0
3673,3674,3674.jpg,1.0
3674,3675,3675.jpg,1.0
3675,3676,3676.jpg,0.0
3676,3677,3677.jpg,0.0
3677,3678,3678.jpg,0.0
3679,3680,3680.jpg,1.0
3681,3682,3682.jpg,0.0
3682,3683,3683.jpg,1.0
3684,3685,3685.jpg,0.0
3685,3686,3686.jpg,0.0
3686,3687,3687.jpg,0.0
3688,3689,3689.jpg,1.0
3689,3690,3690.jpg,1.0
3690,3691,3691.jpg,1.0
3691,3692,3692.jpg,1.0
3692,3693,3693.jpg,1.0
3693,3694,3694.jpg,1.0
3694,3695,3695.jpg,1.0
3695,3696,3696.jpg,0.0
3696,3697,3697.jpg,0.0
3697,3698,3698.jpg,0.0
3698,3699,3699.jpg,1.0
3699,3700,3700.jpg,1.0
3700,3701,3701.jpg,0.0
3701,3702,3702.jpg,0.0
3703,3704,3704.jpg,0.0
3704,3705,3705.jpg,1.0
3705,3706,3706.jpg,1.0
3706,3707,3707.jpg,1.0
3707,3708,3708.jpg,1.0
3708,3709,3709.jpg,1.0
3709,3710,3710.jpg,1.0
3711,3712,3712.jpg,0.0
3712,3713,3713.jpg,0.0
3713,3714,3714.jpg,1.0
3715,3716,3716.jpg,1.0
3716,3717,3717.jpg,0.0
3717,3718,3718.jpg,1.0
3719,3720,3720.jpg,1.0
3720,3721,3721.jpg,0.0
3722,3723,3723.jpg,1.0
3725,3726,3726.jpg,1.0
3726,3727,3727.jpg,1.0
3727,3728,3728.jpg,1.0
3728,3729,3729.jpg,1.0
3729,3730,3730.jpg,1.0
3730,3731,3731.jpg,0.0
3731,3732,3732.jpg,0.0
3732,3733,3733.jpg,1.0
3733,3734,3734.jpg,1.0
3734,3735,3735.jpg,1.0
3735,3736,3736.jpg,0.0
3736,3737,3737.jpg,0.0
3737,3738,3738.jpg,1.0
3739,3740,3740.jpg,1.0
3740,3741,3741.jpg,1.0
3741,3742,3742.jpg,1.0
3742,3743,3743.jpg,1.0
3743,3744,3744.jpg,0.0
3744,3745,3745.jpg,0.0
3745,3746,3746.jpg,0.0
3746,3747,3747.jpg,1.0
3751,3752,3752.jpg,1.0
3752,3753,3753.jpg,0.0
3753,3754,3754.jpg,0.0
3754,3755,3755.jpg,0.0
3755,3756,3756.jpg,0.0
3756,3757,3757.jpg,0.0
3757,3758,3758.jpg,0.0
3758,3759,3759.jpg,0.0
3759,3760,3760.jpg,0.0
3760,3761,3761.jpg,1.0
3762,3763,3763.jpg,0.0
3763,3764,3764.jpg,1.0
3764,3765,3765.jpg,1.0
3765,3766,3766.jpg,1.0
3769,3770,3770.jpg,1.0
3770,3771,3771.jpg,0.0
3771,3772,3772.jpg,0.0
3772,3773,3773.jpg,1.0
3773,3774,3774.jpg,1.0
3774,3775,3775.jpg,0.0
3775,3776,3776.jpg,1.0
3778,3779,3779.jpg,1.0
3779,3780,3780.jpg,1.0
3781,3782,3782.jpg,1.0
3782,3783,3783.jpg,1.0
3783,3784,3784.jpg,1.0
3784,3785,3785.jpg,0.0
3785,3786,3786.jpg,1.0
3787,3788,3788.jpg,1.0
3788,3789,3789.jpg,0.0
3790,3791,3791.jpg,1.0
3791,3792,3792.jpg,1.0
3792,3793,3793.jpg,0.0
3794,3795,3795.jpg,0.0
3795,3796,3796.jpg,1.0
3796,3797,3797.jpg,1.0
3797,3798,3798.jpg,1.0
3798,3799,3799.jpg,1.0
3799,3800,3800.jpg,0.0
3800,3801,3801.jpg,0.0
3801,3802,3802.jpg,1.0
3802,3803,3803.jpg,1.0
3803,3804,3804.jpg,1.0
3804,3805,3805.jpg,0.0
3805,3806,3806.jpg,1.0
3806,3807,3807.jpg,0.0
3807,3808,3808.jpg,1.0
3809,3810,3810.jpg,1.0
3810,3811,3811.jpg,0.0
3811,3812,3812.jpg,1.0
3812,3813,3813.jpg,1.0
3813,3814,3814.jpg,1.0
3814,3815,3815.jpg,1.0
3815,3816,3816.jpg,1.0
3816,3817,3817.jpg,1.0
3817,3818,3818.jpg,1.0
3818,3819,3819.jpg,0.0
3820,3821,3821.jpg,1.0
3822,3823,3823.jpg,1.0
3824,3825,3825.jpg,1.0
3825,3826,3826.jpg,0.0
3826,3827,3827.jpg,1.0
3827,3828,3828.jpg,1.0
3828,3829,3829.jpg,0.0
3829,3830,3830.jpg,0.0
3830,3831,3831.jpg,1.0
3831,3832,3832.jpg,0.0
3832,3833,3833.jpg,1.0
3834,3835,3835.jpg,1.0
3835,3836,3836.jpg,1.0
3837,3838,3838.jpg,1.0
3838,3839,3839.jpg,1.0
3839,3840,3840.jpg,1.0
3840,3841,3841.jpg,1.0
3842,3843,3843.jpg,0.0
3843,3844,3844.jpg,1.0
3844,3845,3845.jpg,1.0
3845,3846,3846.jpg,1.0
3846,3847,3847.jpg,1.0
3847,3848,3848.jpg,0.0
3848,3849,3849.jpg,0.0
3849,3850,3850.jpg,0.0
3850,3851,3851.jpg,0.0
3851,3852,3852.jpg,1.0
3852,3853,3853.jpg,1.0
3853,3854,3854.jpg,1.0
3854,3855,3855.jpg,1.0
3855,3856,3856.jpg,0.0
3858,3859,3859.jpg,1.0
3859,3860,3860.jpg,0.0
3860,3861,3861.jpg,1.0
3861,3862,3862.jpg,0.0
3862,3863,3863.jpg,1.0
3863,3864,3864.jpg,0.0
3866,3867,3867.jpg,1.0
3867,3868,3868.jpg,0.0
3868,3869,3869.jpg,1.0
3869,3870,3870.jpg,1.0
3870,3871,3871.jpg,1.0
3871,3872,3872.jpg,1.0
3872,3873,3873.jpg,1.0
3874,3875,3875.jpg,1.0
3876,3877,3877.jpg,0.0
3877,3878,3878.jpg,1.0
3878,3879,3879.jpg,0.0
3879,3880,3880.jpg,0.0
3881,3882,3882.jpg,1.0
3882,3883,3883.jpg,0.0
3883,3884,3884.jpg,1.0
3884,3885,3885.jpg,1.0
3885,3886,3886.jpg,1.0
3886,3887,3887.jpg,1.0
3887,3888,3888.jpg,0.0
3889,3890,3890.jpg,0.0
3890,3891,3891.jpg,0.0
3891,3892,3892.jpg,0.0
3892,3893,3893.jpg,1.0
3893,3894,3894.jpg,1.0
3894,3895,3895.jpg,1.0
3895,3896,3896.jpg,0.0
3896,3897,3897.jpg,0.0
3897,3898,3898.jpg,1.0
3899,3900,3900.jpg,1.0
3900,3901,3901.jpg,1.0
3902,3903,3903.jpg,0.0
3903,3904,3904.jpg,1.0
3904,3905,3905.jpg,0.0
3905,3906,3906.jpg,1.0
3906,3907,3907.jpg,1.0
3907,3908,3908.jpg,1.0
3908,3909,3909.jpg,0.0
3909,3910,3910.jpg,1.0
3912,3913,3913.jpg,1.0
3913,3914,3914.jpg,1.0
3914,3915,3915.jpg,1.0
3915,3916,3916.jpg,1.0
3916,3917,3917.jpg,1.0
3917,3918,3918.jpg,1.0
3919,3920,3920.jpg,1.0
3920,3921,3921.jpg,0.0
3921,3922,3922.jpg,1.0
3922,3923,3923.jpg,0.0
3924,3925,3925.jpg,1.0
3926,3927,3927.jpg,1.0
3927,3928,3928.jpg,1.0
3928,3929,3929.jpg,1.0
3929,3930,3930.jpg,1.0
3932,3933,3933.jpg,0.0
3933,3934,3934.jpg,1.0
3935,3936,3936.jpg,0.0
3936,3937,3937.jpg,0.0
3937,3938,3938.jpg,1.0
3938,3939,3939.jpg,1.0
3943,3944,3944.jpg,1.0
3944,3945,3945.jpg,0.0
3946,3947,3947.jpg,1.0
3947,3948,3948.jpg,1.0
3948,3949,3949.jpg,0.0
3949,3950,3950.jpg,1.0
3950,3951,3951.jpg,1.0
3952,3953,3953.jpg,1.0
3953,3954,3954.jpg,0.0
3954,3955,3955.jpg,0.0
3955,3956,3956.jpg,1.0
3956,3957,3957.jpg,1.0
3957,3958,3958.jpg,1.0
3959,3960,3960.jpg,0.0
3960,3961,3961.jpg,1.0
3962,3963,3963.jpg,1.0
3963,3964,3964.jpg,1.0
3964,3965,3965.jpg,0.0
3965,3966,3966.jpg,1.0
3966,3967,3967.jpg,1.0
3967,3968,3968.jpg,1.0
3969,3970,3970.jpg,0.0
3970,3971,3971.jpg,1.0
3972,3973,3973.jpg,1.0
3973,3974,3974.jpg,0.0
3974,3975,3975.jpg,1.0
3975,3976,3976.jpg,1.0
3976,3977,3977.jpg,1.0
3977,3978,3978.jpg,1.0
3978,3979,3979.jpg,1.0
3979,3980,3980.jpg,1.0
3980,3981,3981.jpg,0.0
3981,3982,3982.jpg,1.0
3982,3983,3983.jpg,0.0
3984,3985,3985.jpg,1.0
3985,3986,3986.jpg,0.0
3986,3987,3987.jpg,1.0
3989,3990,3990.jpg,0.0
3990,3991,3991.jpg,0.0
3991,3992,3992.jpg,1.0
3992,3993,3993.jpg,1.0
3993,3994,3994.jpg,0.0
3994,3995,3995.jpg,1.0
3996,3997,3997.jpg,1.0
3997,3998,3998.jpg,0.0
4000,4001,4001.jpg,1.0
4001,4002,4002.jpg,1.0
4002,4003,4003.jpg,1.0
4003,4004,4004.jpg,1.0
4004,4005,4005.jpg,1.0
4006,4007,4007.jpg,1.0
4007,4008,4008.jpg,1.0
4008,4009,4009.jpg,1.0
4009,4010,4010.jpg,1.0
4011,4012,4012.jpg,0.0
4012,4013,4013.jpg,1.0
4013,4014,4014.jpg,0.0
4014,4015,4015.jpg,1.0
4015,4016,4016.jpg,0.0
4016,4017,4017.jpg,1.0
4021,4022,4022.jpg,1.0
4022,4023,4023.jpg,0.0
4025,4026,4026.jpg,0.0
4026,4027,4027.jpg,1.0
4027,4028,4028.jpg,1.0
4028,4029,4029.jpg,0.0
4029,4030,4030.jpg,1.0
4030,4031,4031.jpg,1.0
4031,4032,4032.jpg,1.0
4032,4033,4033.jpg,0.0
4033,4034,4034.jpg,1.0
4034,4035,4035.jpg,0.0
4035,4036,4036.jpg,1.0
4036,4037,4037.jpg,0.0
4037,4038,4038.jpg,0.0
4039,4040,4040.jpg,1.0
4041,4042,4042.jpg,1.0
4042,4043,4043.jpg,1.0
4043,4044,4044.jpg,1.0
4044,4045,4045.jpg,1.0
4045,4046,4046.jpg,0.0
4046,4047,4047.jpg,1.0
4047,4048,4048.jpg,1.0
4048,4049,4049.jpg,0.0
4049,4050,4050.jpg,1.0
4050,4051,4051.jpg,0.0
4051,4052,4052.jpg,0.0
4052,4053,4053.jpg,1.0
4054,4055,4055.jpg,1.0
4055,4056,4056.jpg,1.0
4056,4057,4057.jpg,1.0
4057,4058,4058.jpg,0.0
4058,4059,4059.jpg,0.0
4059,4060,4060.jpg,0.0
4060,4061,4061.jpg,0.0
4061,4062,4062.jpg,1.0
4062,4063,4063.jpg,1.0
4063,4064,4064.jpg,1.0
4064,4065,4065.jpg,1.0
4065,4066,4066.jpg,0.0
4066,4067,4067.jpg,1.0
4067,4068,4068.jpg,1.0
4068,4069,4069.jpg,1.0
4069,4070,4070.jpg,1.0
4070,4071,4071.jpg,1.0
4071,4072,4072.jpg,1.0
4072,4073,4073.jpg,1.0
4073,4074,4074.jpg,1.0
4074,4075,4075.jpg,0.0
4075,4076,4076.jpg,0.0
4077,4078,4078.jpg,1.0
4079,4080,4080.jpg,0.0
4080,4081,4081.jpg,0.0
4081,4082,4082.jpg,1.0
4082,4083,4083.jpg,0.0
4083,4084,4084.jpg,1.0
4084,4085,4085.jpg,1.0
4087,4088,4088.jpg,0.0
4088,4089,4089.jpg,0.0
4089,4090,4090.jpg,1.0
4090,4091,4091.jpg,0.0
4091,4092,4092.jpg,0.0
4092,4093,4093.jpg,0.0
4094,4095,4095.jpg,1.0
4095,4096,4096.jpg,0.0
4096,4097,4097.jpg,1.0
4097,4098,4098.jpg,1.0
4099,4100,4100.jpg,1.0
4100,4101,4101.jpg,1.0
4101,4102,4102.jpg,1.0
4102,4103,4103.jpg,1.0
4103,4104,4104.jpg,0.0
4104,4105,4105.jpg,0.0
4107,4108,4108.jpg,0.0
4108,4109,4109.jpg,0.0
4109,4110,4110.jpg,1.0
4110,4111,4111.jpg,1.0
4111,4112,4112.jpg,1.0
4112,4113,4113.jpg,0.0
4114,4115,4115.jpg,1.0
4115,4116,4116.jpg,0.0
4117,4118,4118.jpg,1.0
4118,4119,4119.jpg,1.0
4119,4120,4120.jpg,0.0
4120,4121,4121.jpg,1.0
4121,4122,4122.jpg,1.0
4122,4123,4123.jpg,1.0
4124,4125,4125.jpg,1.0
4127,4128,4128.jpg,1.0
4129,4130,4130.jpg,0.0
4130,4131,4131.jpg,0.0
4131,4132,4132.jpg,1.0
4132,4133,4133.jpg,1.0
4133,4134,4134.jpg,1.0
4135,4136,4136.jpg,1.0
4136,4137,4137.jpg,1.0
4137,4138,4138.jpg,1.0
4138,4139,4139.jpg,1.0
4139,4140,4140.jpg,0.0
4140,4141,4141.jpg,0.0
4142,4143,4143.jpg,1.0
4143,4144,4144.jpg,0.0
4144,4145,4145.jpg,0.0
4145,4146,4146.jpg,0.0
4146,4147,4147.jpg,0.0
4147,4148,4148.jpg,1.0
4148,4149,4149.jpg,0.0
4149,4150,4150.jpg,1.0
4150,4151,4151.jpg,1.0
4151,4152,4152.jpg,1.0
4152,4153,4153.jpg,1.0
4153,4154,4154.jpg,0.0
4156,4157,4157.jpg,0.0
4157,4158,4158.jpg,1.0
4158,4159,4159.jpg,1.0
4159,4160,4160.jpg,1.0
4160,4161,4161.jpg,1.0
4161,4162,4162.jpg,1.0
4162,4163,4163.jpg,0.0
4164,4165,4165.jpg,0.0
4165,4166,4166.jpg,1.0
4166,4167,4167.jpg,1.0
4168,4169,4169.jpg,1.0
4169,4170,4170.jpg,1.0
4170,4171,4171.jpg,0.0
4171,4172,4172.jpg,1.0
4172,4173,4173.jpg,1.0
4173,4174,4174.jpg,1.0
4174,4175,4175.jpg,1.0
